,Rk,Player,Nation,Pos,Squad,Age,Born,90s,Gls,Sh,SoT,SoT%,Sh/90,SoT/90,G/Sh,G/SoT,Dist,FK,PK,PKatt,xG,npxG,npxG/Sh,G-xG,np:G-xG,Matches,Birth Month
0,1,Max Aarons,ENG,DF,Bournemouth,24.0,2000.0,12.1,0.0,1.0,0.0,0.0,0.08,0.0,0.0,,23.9,0.0,0.0,0.0,0.0,0.0,0.02,0.0,0.0,Matches,May
1,2,Bénie Adama Traore,CIV,"FW,MF",Sheffield Utd,21.0,2002.0,4.3,0.0,1.0,1.0,100.0,0.23,0.23,0.0,0.0,15.3,0.0,0.0,0.0,0.3,0.3,0.27,-0.3,-0.3,Matches,April
2,3,Tyler Adams,USA,MF,Bournemouth,25.0,1999.0,1.2,0.0,0.0,0.0,,0.0,0.0,,,,0.0,0.0,0.0,0.0,0.0,,0.0,0.0,Matches,July
3,4,Tosin Adarabioyo,ENG,DF,Fulham,26.0,1997.0,16.0,2.0,14.0,5.0,35.7,0.88,0.31,0.14,0.4,14.2,0.0,0.0,0.0,0.7,0.7,0.05,1.3,1.3,Matches,February
4,5,Elijah Adebayo,ENG,FW,Luton Town,26.0,1998.0,12.9,9.0,28.0,12.0,42.9,2.17,0.93,0.32,0.75,9.5,0.0,0.0,0.0,5.6,5.6,0.2,3.4,3.4,Matches,June
5,6,Simon Adingra,CIV,FW,Brighton,22.0,2002.0,18.8,6.0,36.0,15.0,41.7,1.92,0.8,0.17,0.4,16.3,0.0,0.0,0.0,3.3,3.3,0.09,2.7,2.7,Matches,May
6,7,Nayef Aguerd,MAR,DF,West Ham,28.0,1996.0,19.6,1.0,14.0,3.0,21.4,0.71,0.15,0.07,0.33,10.8,0.0,0.0,0.0,1.5,1.5,0.11,-0.5,-0.5,Matches,August
7,8,Brandon Aguilera,CRC,FW,Nott'ham Forest,20.0,2003.0,0.1,0.0,0.0,0.0,,0.0,0.0,,,,0.0,0.0,0.0,0.0,0.0,,0.0,0.0,Matches,November
8,9,Naouirou Ahamada,FRA,"MF,FW",Crystal Palace,22.0,2002.0,2.7,0.0,8.0,2.0,25.0,2.95,0.74,0.0,0.0,20.0,0.0,0.0,0.0,0.4,0.4,0.05,-0.4,-0.4,Matches,August
9,10,Anel Ahmedhodžić,BIH,DF,Sheffield Utd,25.0,1999.0,23.4,1.0,16.0,4.0,25.0,0.68,0.17,0.06,0.25,12.5,0.0,0.0,0.0,2.6,2.6,0.16,-1.6,-1.6,Matches,August
10,11,Ola Aina,NGA,DF,Nott'ham Forest,27.0,1996.0,13.8,1.0,7.0,1.0,14.3,0.51,0.07,0.14,1.0,26.8,0.0,0.0,0.0,0.2,0.2,0.03,0.8,0.8,Matches,March
11,12,Rayan Aït-Nouri,ALG,"DF,MF",Wolves,22.0,2001.0,21.2,2.0,20.0,6.0,30.0,0.94,0.28,0.1,0.33,16.0,0.0,0.0,0.0,3.1,3.1,0.15,-1.1,-1.1,Matches,October
12,13,Kristoffer Ajer,NOR,DF,Brentford,25.0,1998.0,17.4,2.0,9.0,3.0,33.3,0.52,0.17,0.22,0.67,9.5,0.0,0.0,0.0,1.1,1.1,0.13,0.9,0.9,Matches,September
13,14,Manuel Akanji,SUI,"DF,MF",Manchester City,28.0,1995.0,21.1,2.0,10.0,4.0,40.0,0.47,0.19,0.2,0.5,19.6,0.0,0.0,0.0,0.9,0.9,0.09,1.1,1.1,Matches,December
14,15,Nathan Aké,NED,DF,Manchester City,29.0,1995.0,19.5,2.0,19.0,5.0,26.3,0.98,0.26,0.11,0.4,10.9,0.0,0.0,0.0,2.1,2.1,0.11,-0.1,-0.1,Matches,July
15,16,Thiago Alcántara,ESP,MF,Liverpool,32.0,1991.0,0.1,0.0,0.0,0.0,,0.0,0.0,,,,0.0,0.0,0.0,0.0,0.0,,0.0,0.0,Matches,September
16,17,Trent Alexander-Arnold,ENG,DF,Liverpool,25.0,1998.0,18.0,2.0,30.0,4.0,13.3,1.66,0.22,0.07,0.5,24.2,3.0,0.0,0.0,1.8,1.5,0.05,0.2,0.5,Matches,March
17,18,Alisson,BRA,GK,Liverpool,31.0,1992.0,21.0,0.0,0.0,0.0,,0.0,0.0,,,,0.0,0.0,0.0,0.0,0.0,,0.0,0.0,Matches,March
18,19,Miguel Almirón,PAR,FW,Newcastle Utd,30.0,1994.0,20.5,3.0,40.0,11.0,27.5,1.95,0.54,0.08,0.27,16.3,0.0,0.0,0.0,4.5,4.5,0.11,-1.5,-1.5,Matches,July
19,20,Edson Álvarez,MEX,MF,West Ham,26.0,1997.0,22.9,1.0,17.0,3.0,17.6,0.74,0.13,0.06,0.33,21.1,0.0,0.0,0.0,1.3,1.3,0.08,-0.3,-0.3,Matches,March
20,21,Julián Álvarez,ARG,"MF,FW",Manchester City,24.0,2000.0,26.2,8.0,85.0,33.0,38.8,3.24,1.26,0.08,0.21,17.9,13.0,1.0,1.0,10.7,10.0,0.12,-2.7,-3.0,Matches,June
21,22,Zeki Amdouni,SUI,FW,Burnley,23.0,2000.0,20.3,4.0,41.0,21.0,51.2,2.02,1.03,0.1,0.19,17.0,0.0,0.0,0.0,4.4,4.4,0.11,-0.4,-0.4,Matches,April
22,23,Sofyan Amrabat,MAR,"MF,DF",Manchester Utd,27.0,1996.0,7.2,0.0,2.0,0.0,0.0,0.28,0.0,0.0,,23.7,0.0,0.0,0.0,0.1,0.1,0.03,-0.1,-0.1,Matches,January
23,24,Joachim Andersen,DEN,DF,Crystal Palace,27.0,1996.0,31.0,2.0,19.0,8.0,42.1,0.61,0.26,0.11,0.25,13.4,1.0,0.0,0.0,1.3,1.3,0.07,0.7,0.7,Matches,October
24,25,Elliot Anderson,SCO,"MF,FW",Newcastle Utd,21.0,2002.0,6.5,0.0,8.0,2.0,25.0,1.22,0.31,0.0,0.0,15.0,0.0,0.0,0.0,0.8,0.8,0.1,-0.8,-0.8,Matches,March
25,Rk,Player,N,Pos,Squad,,,,,,,,,,,,,,,,,,,,,Matches,
26,26,Jaidon Anthony,ENG,FW,Bournemouth,24.0,1999.0,1.7,0.0,2.0,1.0,50.0,1.18,0.59,0.0,0.0,24.5,0.0,0.0,0.0,0.1,0.1,0.03,-0.1,-0.1,Matches,April
27,27,Michail Antonio,JAM,FW,West Ham,34.0,1990.0,13.6,4.0,21.0,10.0,47.6,1.54,0.73,0.19,0.4,14.0,0.0,0.0,0.0,3.8,3.8,0.18,0.2,0.2,Matches,September
28,28,Antony,BRA,FW,Manchester Utd,24.0,2000.0,12.2,0.0,31.0,7.0,22.6,2.54,0.57,0.0,0.0,19.3,0.0,0.0,0.0,1.7,1.7,0.05,-1.7,-1.7,Matches,July
29,29,Oliver Arblaster,ENG,MF,Sheffield Utd,19.0,2004.0,4.1,0.0,1.0,1.0,100.0,0.24,0.24,0.0,0.0,16.6,0.0,0.0,0.0,0.0,0.0,0.04,0.0,0.0,Matches,September
30,30,Cameron Archer,ENG,"FW,MF",Sheffield Utd,22.0,2001.0,16.1,4.0,29.0,7.0,24.1,1.8,0.43,0.14,0.57,16.2,0.0,0.0,0.0,3.9,3.9,0.14,0.1,0.1,Matches,December
31,31,Cameron Archer,ENG,MF,Aston Villa,22.0,2001.0,0.1,0.0,0.0,0.0,,0.0,0.0,,,,0.0,0.0,0.0,0.0,0.0,,0.0,0.0,Matches,December
32,32,Alphonse Areola,FRA,GK,West Ham,31.0,1993.0,26.0,0.0,0.0,0.0,,0.0,0.0,,,,0.0,0.0,0.0,0.0,0.0,,0.0,0.0,Matches,July
33,33,Lorenz Assignon,TOG,DF,Burnley,23.0,2000.0,8.2,0.0,2.0,0.0,0.0,0.24,0.0,0.0,,22.4,0.0,0.0,0.0,0.1,0.1,0.03,-0.1,-0.1,Matches,November
34,34,Serge Aurier,CIV,"DF,MF",Nott'ham Forest,31.0,1992.0,9.3,0.0,6.0,1.0,16.7,0.65,0.11,0.0,0.0,16.0,0.0,0.0,0.0,0.2,0.2,0.03,-0.2,-0.2,Matches,May
35,35,Taiwo Awoniyi,NGA,FW,Nott'ham Forest,26.0,1997.0,11.4,6.0,22.0,11.0,50.0,1.93,0.97,0.27,0.55,11.5,0.0,0.0,0.0,4.7,4.7,0.22,1.3,1.3,Matches,January
36,36,Jordan Ayew,GHA,"FW,MF",Crystal Palace,32.0,1991.0,26.0,4.0,45.0,17.0,37.8,1.73,0.65,0.09,0.24,17.5,0.0,0.0,0.0,3.8,3.8,0.08,0.2,0.2,Matches,February
37,37,Benoît Badiashile,FRA,DF,Chelsea,23.0,2001.0,8.2,0.0,3.0,1.0,33.3,0.36,0.12,0.0,0.0,11.0,0.0,0.0,0.0,0.2,0.2,0.06,-0.2,-0.2,Matches,August
38,38,Leon Bailey,JAM,"MF,FW",Aston Villa,26.0,1997.0,18.9,8.0,47.0,15.0,31.9,2.49,0.8,0.17,0.53,17.0,1.0,0.0,0.0,4.8,4.8,0.1,3.2,3.2,Matches,January
39,39,George Baldock,GRE,DF,Sheffield Utd,31.0,1993.0,10.8,0.0,1.0,0.0,0.0,0.09,0.0,0.0,,22.2,0.0,0.0,0.0,0.0,0.0,0.02,0.0,0.0,Matches,August
40,40,Carlos Baleba,CMR,MF,Brighton,20.0,2004.0,11.5,0.0,16.0,3.0,18.8,1.39,0.26,0.0,0.0,24.3,0.0,0.0,0.0,0.7,0.7,0.04,-0.7,-0.7,Matches,May
41,41,Fodé Ballo-Touré,SEN,"DF,MF",Fulham,27.0,1997.0,0.6,0.0,0.0,0.0,,0.0,0.0,,,,0.0,0.0,0.0,0.0,0.0,,0.0,0.0,Matches,May
42,42,Shandon Baptiste,GRN,MF,Brentford,26.0,1998.0,2.5,1.0,2.0,2.0,100.0,0.79,0.79,0.5,0.5,6.6,0.0,0.0,0.0,0.9,0.9,0.45,0.1,0.1,Matches,September
43,43,Valentín Barco,ARG,DF,Brighton,19.0,2004.0,0.0,0.0,0.0,0.0,,0.0,0.0,,,,0.0,0.0,0.0,0.0,0.0,,0.0,0.0,Matches,December
44,44,Ross Barkley,ENG,MF,Luton Town,30.0,1993.0,24.8,4.0,61.0,16.0,26.2,2.46,0.64,0.07,0.25,21.8,6.0,0.0,0.0,3.8,3.8,0.06,0.2,0.2,Matches,May
45,45,Harvey Barnes,ENG,FW,Newcastle Utd,26.0,1997.0,5.6,4.0,19.0,9.0,47.4,3.42,1.62,0.21,0.44,17.5,0.0,0.0,0.0,2.6,2.6,0.13,1.4,1.4,Matches,May
46,46,Chris Basham,ENG,"DF,MF",Sheffield Utd,35.0,1988.0,3.6,0.0,2.0,0.0,0.0,0.56,0.0,0.0,,10.8,0.0,0.0,0.0,0.1,0.1,0.06,-0.1,-0.1,Matches,December
47,47,Calvin Bassey,NGA,DF,Fulham,24.0,1999.0,19.6,1.0,5.0,1.0,20.0,0.26,0.05,0.2,1.0,10.1,0.0,0.0,0.0,0.3,0.3,0.07,0.7,0.7,Matches,May
48,48,Owen Beck,WAL,DF,Liverpool,21.0,2002.0,0.1,0.0,0.0,0.0,,0.0,0.0,,,,0.0,0.0,0.0,0.0,0.0,,0.0,0.0,Matches,December
49,49,Donny van de Beek,NED,DF,Manchester Utd,26.0,1997.0,0.0,0.0,1.0,0.0,0.0,30.0,0.0,0.0,,16.1,0.0,0.0,0.0,0.0,0.0,0.04,0.0,0.0,Matches,September
50,50,Amari'i Bell,JAM,DF,Luton Town,29.0,1994.0,19.1,0.0,2.0,2.0,100.0,0.1,0.1,0.0,0.0,18.8,0.0,0.0,0.0,0.3,0.3,0.13,-0.3,-0.3,Matches,October
51,Rk,Player,N,Pos,Squad,,,,,,,,,,,,,,,,,,,,,Matches,
52,51,Jean-Ricner Bellegarde,FRA,"MF,FW",Wolves,25.0,1998.0,9.0,2.0,14.0,5.0,35.7,1.56,0.56,0.14,0.4,17.2,0.0,0.0,0.0,1.4,1.4,0.1,0.6,0.6,Matches,November
53,52,Anis Ben Slimane,TUN,MF,Sheffield Utd,23.0,2001.0,4.1,0.0,6.0,3.0,50.0,1.46,0.73,0.0,0.0,18.6,0.0,0.0,0.0,0.7,0.7,0.11,-0.7,-0.7,Matches,August
54,53,Saïd Benrahma,ALG,"FW,MF",West Ham,28.0,1995.0,6.9,0.0,18.0,5.0,27.8,2.61,0.73,0.0,0.0,19.8,0.0,0.0,1.0,1.8,1.0,0.06,-1.8,-1.0,Matches,January
55,54,Rodrigo Bentancur,URU,MF,Tottenham,26.0,1997.0,7.5,1.0,11.0,2.0,18.2,1.48,0.27,0.09,0.5,15.1,0.0,0.0,0.0,1.1,1.1,0.1,-0.1,-0.1,Matches,November
56,55,Daniel Bentley,ENG,GK,Wolves,30.0,1993.0,3.3,0.0,0.0,0.0,,0.0,0.0,,,,0.0,0.0,0.0,0.0,0.0,,0.0,0.0,Matches,December
57,56,Jóhann Berg Guðmundsson,ISL,MF,Burnley,33.0,1990.0,12.0,0.0,10.0,3.0,30.0,0.83,0.25,0.0,0.0,15.3,1.0,0.0,0.0,0.9,0.9,0.09,-0.9,-0.9,Matches,April
58,57,Sander Berge,NOR,MF,Burnley,26.0,1998.0,27.4,1.0,22.0,3.0,13.6,0.8,0.11,0.05,0.33,16.4,0.0,0.0,0.0,1.8,1.8,0.08,-0.8,-0.8,Matches,July
59,58,Luke Berry,ENG,"MF,DF",Luton Town,31.0,1992.0,1.9,1.0,4.0,1.0,25.0,2.13,0.53,0.25,1.0,9.9,0.0,0.0,0.0,0.5,0.5,0.13,0.5,0.5,Matches,December
60,59,Beto,GNB,FW,Everton,26.0,1998.0,9.2,3.0,37.0,10.0,27.0,4.03,1.09,0.08,0.3,15.0,0.0,0.0,1.0,5.5,4.7,0.13,-2.5,-1.7,Matches,June
61,60,Jordan Beyer,GER,DF,Burnley,23.0,2000.0,13.7,0.0,5.0,0.0,0.0,0.36,0.0,0.0,,8.2,0.0,0.0,0.0,0.5,0.5,0.1,-0.5,-0.5,Matches,October
62,61,Philip Billing,DEN,MF,Bournemouth,27.0,1996.0,14.9,2.0,29.0,8.0,27.6,1.95,0.54,0.07,0.25,20.4,7.0,0.0,0.0,2.4,2.4,0.08,-0.4,-0.4,Matches,November
63,62,Yves Bissouma,MLI,MF,Tottenham,27.0,1996.0,19.5,0.0,23.0,5.0,21.7,1.18,0.26,0.0,0.0,25.0,1.0,0.0,0.0,1.4,1.4,0.06,-1.4,-1.4,Matches,January
64,63,Benicio Boaitey,ENG,"DF,FW",Brighton,20.0,2004.0,0.2,0.0,0.0,0.0,,0.0,0.0,,,,0.0,0.0,0.0,0.0,0.0,,0.0,0.0,Matches,May
65,64,Oscar Bobb,NOR,"FW,MF",Manchester City,20.0,2003.0,3.1,1.0,4.0,1.0,25.0,1.28,0.32,0.25,1.0,11.1,0.0,0.0,0.0,1.4,1.4,0.35,-0.4,-0.4,Matches,November
66,65,Jayden Bogle,ENG,DF,Sheffield Utd,23.0,2000.0,24.3,2.0,23.0,8.0,34.8,0.95,0.33,0.09,0.25,16.6,0.0,0.0,0.0,1.6,1.6,0.07,0.4,0.4,Matches,December
67,66,Willy Boly,CIV,DF,Nott'ham Forest,33.0,1991.0,12.1,1.0,12.0,5.0,41.7,1.0,0.41,0.08,0.2,10.6,0.0,0.0,0.0,1.3,1.3,0.11,-0.3,-0.3,Matches,July
68,67,Sven Botman,NED,DF,Newcastle Utd,24.0,2000.0,15.3,2.0,10.0,2.0,20.0,0.65,0.13,0.2,1.0,10.5,0.0,0.0,0.0,0.6,0.6,0.06,1.4,1.4,Matches,June
69,68,Jarrod Bowen,ENG,FW,West Ham,27.0,1996.0,30.5,15.0,70.0,32.0,45.7,2.29,1.05,0.21,0.47,14.1,0.0,0.0,0.0,9.7,9.7,0.14,5.3,5.3,Matches,May
70,69,Conor Bradley,NIR,DF,Liverpool,20.0,2003.0,7.6,1.0,12.0,4.0,33.3,1.57,0.52,0.08,0.25,17.3,0.0,0.0,0.0,0.9,0.9,0.07,0.1,0.1,Matches,November
71,70,Jarrad Branthwaite,ENG,DF,Everton,21.0,2002.0,28.0,2.0,9.0,3.0,33.3,0.32,0.11,0.22,0.67,13.7,0.0,0.0,0.0,1.4,1.4,0.16,0.6,0.6,Matches,November
72,71,Ben Brereton,CHI,"FW,MF",Sheffield Utd,24.0,1999.0,5.5,4.0,11.0,7.0,63.6,2.0,1.27,0.36,0.57,13.3,0.0,0.0,0.0,2.4,2.4,0.22,1.6,1.6,Matches,September
73,72,Rhian Brewster,ENG,"FW,MF",Sheffield Utd,24.0,2000.0,3.4,0.0,6.0,3.0,50.0,1.76,0.88,0.0,0.0,23.7,0.0,0.0,0.0,0.3,0.3,0.04,-0.3,-0.3,Matches,August
74,73,Armando Broja,ALB,FW,Chelsea,22.0,2001.0,5.0,1.0,13.0,2.0,15.4,2.58,0.4,0.08,0.5,11.1,0.0,0.0,0.0,2.4,2.4,0.18,-1.4,-1.4,Matches,January
75,74,Armando Broja,ALB,FW,Fulham,22.0,2001.0,0.6,0.0,0.0,0.0,,0.0,0.0,,,,0.0,0.0,0.0,0.0,0.0,,0.0,0.0,Matches,January
76,75,Andre Brooks,ENG,"MF,DF",Sheffield Utd,20.0,2003.0,7.4,0.0,5.0,1.0,20.0,0.68,0.14,0.0,0.0,20.6,0.0,0.0,0.0,0.2,0.2,0.05,-0.2,-0.2,Matches,January
77,Rk,Player,N,Pos,Squad,,,,,,,,,,,,,,,,,,,,,Matches,
78,76,David Brooks,WAL,"FW,MF",Bournemouth,26.0,1997.0,3.1,1.0,13.0,5.0,38.5,4.15,1.6,0.08,0.2,17.4,0.0,0.0,0.0,2.2,2.2,0.17,-1.2,-1.2,Matches,December
79,77,Jacob Brown,SCO,"MF,FW",Luton Town,25.0,1998.0,11.3,2.0,26.0,6.0,23.1,2.3,0.53,0.08,0.33,14.1,0.0,0.0,0.0,2.8,2.8,0.11,-0.8,-0.8,Matches,September
80,78,Josh Brownhill,ENG,MF,Burnley,28.0,1995.0,23.3,3.0,25.0,9.0,36.0,1.07,0.39,0.12,0.33,20.6,0.0,0.0,0.0,1.6,1.6,0.06,1.4,1.4,Matches,May
81,79,Jacob Bruun Larsen,DEN,"MF,FW",Burnley,25.0,1998.0,9.4,4.0,29.0,9.0,31.0,3.07,0.95,0.1,0.33,20.4,9.0,1.0,1.0,3.6,2.8,0.1,0.4,0.2,Matches,February
82,80,Hugo Bueno,ESP,"DF,MF",Wolves,21.0,2002.0,5.9,0.0,4.0,0.0,0.0,0.68,0.0,0.0,,17.3,0.0,0.0,0.0,0.2,0.2,0.06,-0.2,-0.2,Matches,February
83,81,Santiago Bueno,URU,DF,Wolves,25.0,1998.0,5.5,0.0,0.0,0.0,,0.0,0.0,,,,0.0,0.0,0.0,0.0,0.0,,0.0,0.0,Matches,April
84,82,Facundo Buonanotte,ARG,"FW,MF",Brighton,19.0,2004.0,11.8,3.0,18.0,7.0,38.9,1.52,0.59,0.17,0.43,17.6,0.0,0.0,0.0,2.0,2.0,0.11,1.0,1.0,Matches,May
85,83,Reece Burke,ENG,DF,Luton Town,27.0,1996.0,14.0,0.0,12.0,3.0,25.0,0.86,0.21,0.0,0.0,13.4,0.0,0.0,0.0,1.3,1.3,0.13,-1.3,-1.3,Matches,January
86,84,Dan Burn,ENG,DF,Newcastle Utd,31.0,1992.0,23.3,2.0,17.0,5.0,29.4,0.73,0.21,0.12,0.4,8.8,0.0,0.0,0.0,2.5,2.5,0.16,-0.5,-0.5,Matches,October
87,85,Mason Burstow,ENG,FW,Chelsea,20.0,2003.0,0.1,0.0,0.0,0.0,,0.0,0.0,,,,0.0,0.0,0.0,0.0,0.0,,0.0,0.0,Matches,December
88,86,Moisés Caicedo,ECU,MF,Chelsea,22.0,2001.0,24.1,0.0,8.0,1.0,12.5,0.33,0.04,0.0,0.0,26.1,0.0,0.0,0.0,0.3,0.3,0.04,-0.3,-0.3,Matches,March
89,87,Tom Cairney,SCO,MF,Fulham,33.0,1991.0,15.4,1.0,15.0,6.0,40.0,0.97,0.39,0.07,0.17,20.4,0.0,0.0,0.0,1.0,1.0,0.07,0.0,0.0,Matches,June
90,88,Dominic Calvert-Lewin,ENG,FW,Everton,27.0,1997.0,19.8,5.0,59.0,21.0,35.6,2.97,1.06,0.07,0.19,12.9,0.0,1.0,1.0,10.9,10.1,0.17,-5.9,-6.1,Matches,August
91,89,Thomas Cannon,IRL,FW,Everton,21.0,2002.0,0.0,0.0,0.0,0.0,,0.0,0.0,,,,0.0,0.0,0.0,0.0,0.0,,0.0,0.0,Matches,May
92,90,Diego Carlos,BRA,DF,Aston Villa,31.0,1993.0,16.0,0.0,7.0,1.0,14.3,0.44,0.06,0.0,0.0,8.3,0.0,0.0,0.0,0.9,0.9,0.13,-0.9,-0.9,Matches,August
93,91,Cesare Casadei,ITA,"MF,FW",Chelsea,21.0,2003.0,0.2,0.0,0.0,0.0,,0.0,0.0,,,,0.0,0.0,0.0,0.0,0.0,,0.0,0.0,Matches,May
94,92,Casemiro,BRA,MF,Manchester Utd,32.0,1992.0,15.0,1.0,28.0,6.0,21.4,1.86,0.4,0.04,0.17,17.1,1.0,0.0,0.0,2.7,2.7,0.1,-1.7,-1.7,Matches,July
95,93,Matty Cash,POL,DF,Aston Villa,26.0,1997.0,21.1,2.0,31.0,13.0,41.9,1.47,0.62,0.06,0.15,15.4,0.0,0.0,0.0,4.1,4.1,0.14,-2.1,-2.1,Matches,January
96,94,Timothy Castagne,BEL,DF,Fulham,28.0,1995.0,24.3,0.0,12.0,3.0,25.0,0.49,0.12,0.0,0.0,11.4,0.0,0.0,0.0,1.4,1.4,0.12,-1.4,-1.4,Matches,May
97,95,Jonny Castro,ESP,MF,Wolves,30.0,1994.0,0.1,0.0,0.0,0.0,,0.0,0.0,,,,0.0,0.0,0.0,0.0,0.0,,0.0,0.0,Matches,August
98,96,Trevoh Chalobah,ENG,DF,Chelsea,24.0,1999.0,3.4,0.0,0.0,0.0,,0.0,0.0,,,,0.0,0.0,0.0,0.0,0.0,,0.0,0.0,Matches,November
99,97,Calum Chambers,ENG,"DF,MF",Aston Villa,29.0,1995.0,0.8,0.0,0.0,0.0,,0.0,0.0,,,,0.0,0.0,0.0,0.0,0.0,,0.0,0.0,Matches,June
100,98,Youssef Chermiti,POR,FW,Everton,19.0,2004.0,0.9,0.0,4.0,1.0,25.0,4.62,1.15,0.0,0.0,13.5,0.0,0.0,0.0,0.5,0.5,0.13,-0.5,-0.5,Matches,October
101,99,Ben Chilwell,ENG,DF,Chelsea,27.0,1996.0,8.3,0.0,11.0,3.0,27.3,1.33,0.36,0.0,0.0,16.7,1.0,0.0,0.0,1.2,1.2,0.11,-1.2,-1.2,Matches,May
102,100,Tawanda Chirewa,ENG,MF,Wolves,20.0,2003.0,0.4,0.0,1.0,0.0,0.0,2.43,0.0,0.0,,12.5,0.0,0.0,0.0,0.1,0.1,0.08,-0.1,-0.1,Matches,February
103,Rk,Player,N,Pos,Squad,,,,,,,,,,,,,,,,,,,,,Matches,
104,101,Leon Chiwome,ENG,FW,Wolves,18.0,2006.0,1.9,0.0,2.0,0.0,0.0,1.03,0.0,0.0,,11.2,0.0,0.0,0.0,0.1,0.1,0.05,-0.1,-0.1,Matches,May
105,102,Tahith Chong,NED,MF,Luton Town,24.0,1999.0,16.3,4.0,27.0,7.0,25.9,1.66,0.43,0.15,0.57,16.5,0.0,0.0,0.0,2.5,2.5,0.09,1.5,1.5,Matches,April
106,103,Ryan Christie,SCO,MF,Bournemouth,29.0,1995.0,26.3,0.0,33.0,12.0,36.4,1.25,0.46,0.0,0.0,19.8,0.0,0.0,0.0,1.6,1.6,0.05,-1.6,-1.6,Matches,July
107,104,Carney Chukwuemeka,ENG,"MF,FW",Chelsea,20.0,2003.0,2.3,1.0,3.0,2.0,66.7,1.3,0.87,0.33,0.5,19.9,0.0,0.0,0.0,0.2,0.2,0.05,0.8,0.8,Matches,March
108,105,Bobby Clark,ENG,MF,Liverpool,19.0,2005.0,1.0,0.0,2.0,0.0,0.0,2.02,0.0,0.0,,18.7,0.0,0.0,0.0,0.1,0.1,0.07,-0.1,-0.1,Matches,June
109,106,Jordan Clark,ENG,MF,Luton Town,30.0,1993.0,10.6,1.0,12.0,3.0,25.0,1.14,0.28,0.08,0.33,15.5,0.0,0.0,0.0,0.8,0.8,0.07,0.2,0.2,Matches,February
110,107,Nathaniel Clyne,ENG,"DF,MF",Crystal Palace,33.0,1991.0,8.2,0.0,2.0,0.0,0.0,0.24,0.0,0.0,,23.0,0.0,0.0,0.0,0.0,0.0,0.02,0.0,0.0,Matches,September
111,108,Séamus Coleman,IRL,DF,Everton,35.0,1988.0,4.6,0.0,0.0,0.0,,0.0,0.0,,,,0.0,0.0,0.0,0.0,0.0,,0.0,0.0,Matches,March
112,109,Nathan Collins,IRL,DF,Brentford,22.0,2001.0,24.5,1.0,10.0,2.0,20.0,0.41,0.08,0.1,0.5,9.9,0.0,0.0,0.0,1.7,1.7,0.17,-0.7,-0.7,Matches,September
113,110,Levi Colwill,ENG,DF,Chelsea,21.0,2003.0,20.0,1.0,11.0,3.0,27.3,0.55,0.15,0.09,0.33,11.9,0.0,0.0,0.0,1.3,1.3,0.12,-0.3,-0.3,Matches,July
114,111,Lewis Cook,ENG,MF,Bournemouth,27.0,1997.0,24.0,0.0,10.0,3.0,30.0,0.42,0.13,0.0,0.0,22.9,0.0,0.0,0.0,0.3,0.3,0.03,-0.3,-0.3,Matches,July
115,112,Jack Cork,ENG,MF,Burnley,34.0,1989.0,0.2,0.0,0.0,0.0,,0.0,0.0,,,,0.0,0.0,0.0,0.0,0.0,,0.0,0.0,Matches,November
116,113,Maxwel Cornet,CIV,"MF,FW",West Ham,27.0,1996.0,1.2,1.0,4.0,1.0,25.0,3.43,0.86,0.25,1.0,12.5,0.0,0.0,0.0,0.4,0.4,0.1,0.6,0.6,Matches,February
117,114,Vladimír Coufal,CZE,DF,West Ham,31.0,1992.0,29.0,0.0,4.0,1.0,25.0,0.14,0.03,0.0,0.0,21.7,0.0,0.0,0.0,0.2,0.2,0.04,-0.2,-0.2,Matches,January
118,115,Philippe Coutinho,BRA,"MF,FW",Aston Villa,31.0,1992.0,0.3,0.0,3.0,1.0,33.3,10.8,3.6,0.0,0.0,24.9,0.0,0.0,0.0,0.1,0.1,0.05,-0.1,-0.1,Matches,November
119,116,Aaron Cresswell,ENG,"DF,FW",West Ham,34.0,1989.0,3.1,0.0,0.0,0.0,,0.0,0.0,,,,0.0,0.0,0.0,0.0,0.0,,0.0,0.0,Matches,May
120,117,Marc Cucurella,ESP,DF,Chelsea,25.0,1998.0,11.8,0.0,6.0,4.0,66.7,0.51,0.34,0.0,0.0,14.6,0.0,0.0,0.0,0.9,0.9,0.16,-0.9,-0.9,Matches,December
121,118,Josh Cullen,IRL,MF,Burnley,28.0,1996.0,17.0,1.0,10.0,3.0,30.0,0.59,0.18,0.1,0.33,24.8,0.0,0.0,0.0,0.3,0.3,0.03,0.7,0.7,Matches,September
122,119,Matheus Cunha,BRA,"FW,MF",Wolves,24.0,1999.0,22.4,9.0,60.0,30.0,50.0,2.68,1.34,0.13,0.27,18.5,0.0,1.0,1.0,8.2,7.4,0.12,0.8,0.6,Matches,October
123,120,Mahmoud Dahoud,GER,MF,Brighton,28.0,1996.0,5.0,0.0,6.0,1.0,16.7,1.19,0.2,0.0,0.0,26.8,0.0,0.0,0.0,0.2,0.2,0.04,-0.2,-0.2,Matches,May
124,121,Ameen Al-Dakhil,BEL,DF,Burnley,22.0,2002.0,11.7,1.0,8.0,3.0,37.5,0.68,0.26,0.13,0.33,16.0,0.0,0.0,0.0,1.3,1.3,0.16,-0.3,-0.3,Matches,July
125,122,Diogo Dalot,POR,DF,Manchester Utd,25.0,1999.0,28.3,1.0,24.0,4.0,16.7,0.85,0.14,0.04,0.25,21.1,0.0,0.0,0.0,1.0,1.0,0.04,0.0,0.0,Matches,August
126,123,Mikkel Damsgaard,DEN,MF,Brentford,23.0,2000.0,5.4,0.0,6.0,3.0,50.0,1.1,0.55,0.0,0.0,16.3,1.0,0.0,0.0,0.8,0.8,0.13,-0.8,-0.8,Matches,November
127,124,Danilo,BRA,MF,Nott'ham Forest,22.0,2001.0,14.4,1.0,16.0,4.0,25.0,1.11,0.28,0.06,0.25,22.1,0.0,0.0,0.0,0.7,0.7,0.05,0.3,0.3,Matches,September
128,125,Arnaut Danjuma,NED,"MF,FW",Everton,27.0,1997.0,6.6,1.0,25.0,9.0,36.0,3.78,1.36,0.04,0.11,16.0,1.0,0.0,0.0,2.6,2.6,0.1,-1.6,-1.6,Matches,June
129,Rk,Player,N,Pos,Squad,,,,,,,,,,,,,,,,,,,,,Matches,
130,126,Jayden Danns,ENG,FW,Liverpool,18.0,2006.0,0.1,0.0,0.0,0.0,,0.0,0.0,,,,0.0,0.0,0.0,0.0,0.0,,0.0,0.0,Matches,June
131,127,Josh Dasilva,ENG,"DF,FW",Brentford,25.0,1998.0,0.3,0.0,0.0,0.0,,0.0,0.0,,,,0.0,0.0,0.0,0.0,0.0,,0.0,0.0,Matches,March
132,128,David Datro Fofana,CIV,FW,Burnley,21.0,2002.0,8.3,4.0,16.0,9.0,56.3,1.93,1.09,0.25,0.44,14.8,0.0,0.0,0.0,3.7,3.7,0.23,0.3,0.3,Matches,May
133,129,Ben Davies,WAL,DF,Tottenham,30.0,1993.0,11.1,1.0,12.0,2.0,16.7,1.08,0.18,0.08,0.5,11.8,0.0,0.0,0.0,2.3,2.3,0.19,-1.3,-1.3,Matches,September
134,130,Tom Davies,ENG,MF,Sheffield Utd,25.0,1998.0,2.5,0.0,4.0,1.0,25.0,1.63,0.41,0.0,0.0,15.4,0.0,0.0,0.0,0.4,0.4,0.09,-0.4,-0.4,Matches,November
135,131,Craig Dawson,ENG,DF,Wolves,33.0,1990.0,24.5,1.0,16.0,5.0,31.3,0.65,0.2,0.06,0.2,11.2,0.0,0.0,0.0,1.5,1.5,0.09,-0.5,-0.5,Matches,October
136,132,Kevin De Bruyne,BEL,MF,Manchester City,32.0,1991.0,7.5,3.0,21.0,6.0,28.6,2.81,0.8,0.14,0.5,22.2,4.0,0.0,0.0,1.1,1.1,0.05,1.9,1.9,Matches,November
137,133,Hannes Delcroix,BEL,DF,Burnley,25.0,1999.0,6.5,0.0,4.0,2.0,50.0,0.61,0.31,0.0,0.0,11.2,0.0,0.0,0.0,0.4,0.4,0.09,-0.4,-0.4,Matches,July
138,134,Leander Dendoncker,BEL,MF,Aston Villa,28.0,1995.0,1.3,1.0,2.0,1.0,50.0,1.51,0.76,0.5,1.0,12.5,0.0,0.0,0.0,0.7,0.7,0.37,0.3,0.3,Matches,September
139,135,Moussa Diaby,FRA,"FW,MF",Aston Villa,24.0,1999.0,19.1,5.0,44.0,17.0,38.6,2.3,0.89,0.11,0.29,16.2,0.0,0.0,0.0,5.2,5.2,0.12,-0.2,-0.2,Matches,November
140,136,Amad Diallo,CIV,FW,Manchester Utd,21.0,2002.0,0.5,0.0,1.0,1.0,100.0,1.87,1.87,0.0,0.0,14.6,0.0,0.0,0.0,0.1,0.1,0.05,-0.1,-0.1,Matches,November
141,137,Amadou Diallo,ENG,MF,Newcastle Utd,21.0,2003.0,0.0,0.0,0.0,0.0,,0.0,0.0,,,,0.0,0.0,0.0,0.0,0.0,,0.0,0.0,Matches,July
142,138,Rúben Dias,POR,DF,Manchester City,26.0,1997.0,24.4,0.0,16.0,7.0,43.8,0.65,0.29,0.0,0.0,14.2,0.0,0.0,0.0,1.1,1.1,0.07,-1.1,-1.1,Matches,October
143,139,Luis Díaz,COL,FW,Liverpool,27.0,1997.0,23.4,8.0,80.0,26.0,32.5,3.42,1.11,0.1,0.31,15.4,0.0,0.0,0.0,10.3,10.3,0.13,-2.3,-2.3,Matches,June
144,140,Eric Dier,ENG,DF,Tottenham,30.0,1994.0,2.2,0.0,0.0,0.0,,0.0,0.0,,,,0.0,0.0,0.0,0.0,0.0,,0.0,0.0,Matches,June
145,141,Lucas Digne,FRA,DF,Aston Villa,30.0,1993.0,20.8,1.0,17.0,4.0,23.5,0.82,0.19,0.06,0.25,19.7,5.0,0.0,0.0,0.9,0.9,0.05,0.1,0.1,Matches,December
146,142,Issa Diop,FRA,DF,Fulham,27.0,1997.0,12.8,0.0,4.0,1.0,25.0,0.31,0.08,0.0,0.0,15.8,0.0,0.0,0.0,0.2,0.2,0.04,-0.2,-0.2,Matches,June
147,143,Axel Disasi,FRA,DF,Chelsea,26.0,1998.0,27.6,2.0,15.0,4.0,26.7,0.54,0.15,0.13,0.5,10.8,0.0,0.0,0.0,1.5,1.5,0.1,0.5,0.5,Matches,August
148,144,Ben Doak,SCO,FW,Liverpool,18.0,2005.0,0.2,0.0,0.0,0.0,,0.0,0.0,,,,0.0,0.0,0.0,0.0,0.0,,0.0,0.0,Matches,March
149,145,Lewis Dobbin,ENG,MF,Everton,21.0,2003.0,2.3,1.0,5.0,2.0,40.0,2.14,0.86,0.2,0.5,15.6,0.0,0.0,0.0,0.3,0.3,0.06,0.7,0.7,Matches,May
150,146,Matt Doherty,IRL,"DF,MF",Wolves,32.0,1992.0,8.6,1.0,7.0,2.0,28.6,0.81,0.23,0.14,0.5,11.0,0.0,0.0,0.0,0.7,0.7,0.1,0.3,0.3,Matches,June
151,147,Jeremy Doku,BEL,"FW,MF",Manchester City,21.0,2002.0,14.5,2.0,39.0,12.0,30.8,2.68,0.83,0.05,0.17,16.6,0.0,0.0,0.0,1.6,1.6,0.04,0.4,0.4,Matches,October
152,148,Nicolás Domínguez,ARG,"MF,FW",Nott'ham Forest,25.0,1998.0,15.4,2.0,21.0,6.0,28.6,1.36,0.39,0.1,0.33,16.9,0.0,0.0,0.0,1.3,1.3,0.06,0.7,0.7,Matches,November
153,149,Jamie Donley,ENG,FW,Tottenham,19.0,2005.0,0.0,0.0,0.0,0.0,,0.0,0.0,,,,0.0,0.0,0.0,0.0,0.0,,0.0,0.0,Matches,May
154,150,Gabriel Dos Santos,BRA,DF,Arsenal,26.0,1997.0,27.2,4.0,28.0,10.0,35.7,1.03,0.37,0.14,0.4,7.5,0.0,0.0,0.0,4.0,4.0,0.14,0.0,0.0,Matches,May
155,Rk,Player,N,Pos,Squad,,,,,,,,,,,,,,,,,,,,,Matches,
156,151,Abdoulaye Doucouré,MLI,"FW,MF",Everton,31.0,1993.0,22.9,6.0,40.0,18.0,45.0,1.75,0.79,0.15,0.33,12.4,0.0,0.0,0.0,6.7,6.7,0.18,-0.7,-0.7,Matches,June
157,152,Cheick Doucouré,MLI,MF,Crystal Palace,24.0,2000.0,10.2,0.0,6.0,2.0,33.3,0.59,0.2,0.0,0.0,21.6,0.0,0.0,0.0,0.3,0.3,0.05,-0.3,-0.3,Matches,June
158,153,Alfie Doughty,ENG,DF,Luton Town,24.0,1999.0,26.6,1.0,22.0,4.0,18.2,0.83,0.15,0.05,0.25,16.2,1.0,0.0,0.0,1.1,1.1,0.05,-0.1,-0.1,Matches,May
159,154,Tommy Doyle,ENG,MF,Wolves,22.0,2001.0,10.8,0.0,11.0,3.0,27.3,1.02,0.28,0.0,0.0,25.4,2.0,0.0,0.0,0.4,0.4,0.03,-0.4,-0.4,Matches,March
160,155,Radu Drăgușin,ROU,DF,Tottenham,22.0,2002.0,2.6,0.0,1.0,0.0,0.0,0.39,0.0,0.0,,10.4,0.0,0.0,0.0,0.1,0.1,0.14,-0.1,-0.1,Matches,June
161,156,Martin Dúbravka,SVK,GK,Newcastle Utd,35.0,1989.0,16.1,0.0,0.0,0.0,,0.0,0.0,,,,0.0,0.0,0.0,0.0,0.0,,0.0,0.0,Matches,June
162,157,Paul Dummett,WAL,DF,Newcastle Utd,32.0,1991.0,0.2,0.0,1.0,0.0,0.0,5.0,0.0,0.0,,16.1,0.0,0.0,0.0,0.0,0.0,0.02,0.0,0.0,Matches,February
163,158,Lewis Dunk,ENG,DF,Brighton,32.0,1991.0,26.4,3.0,31.0,11.0,35.5,1.18,0.42,0.1,0.27,13.7,4.0,0.0,0.0,3.0,3.0,0.1,0.0,0.0,Matches,April
164,159,Jhon Durán,COL,"FW,MF",Aston Villa,20.0,2003.0,3.8,3.0,14.0,5.0,35.7,3.64,1.3,0.21,0.6,16.2,0.0,0.0,0.0,1.5,1.5,0.11,1.5,1.5,Matches,May
165,160,Ederson,BRA,GK,Manchester City,30.0,1993.0,25.7,0.0,0.0,0.0,,0.0,0.0,,,,0.0,0.0,0.0,0.0,0.0,,0.0,0.0,Matches,January
166,161,Odsonne Édouard,FRA,"FW,MF",Crystal Palace,26.0,1998.0,16.1,7.0,49.0,18.0,36.7,3.04,1.12,0.14,0.39,13.5,3.0,0.0,0.0,6.2,6.2,0.13,0.8,0.8,Matches,June
167,162,John Egan,IRL,DF,Sheffield Utd,31.0,1992.0,5.4,0.0,3.0,1.0,33.3,0.56,0.19,0.0,0.0,10.3,0.0,0.0,0.0,0.2,0.2,0.05,-0.2,-0.2,Matches,March
168,163,Hjalmar Ekdal,SWE,DF,Burnley,25.0,1998.0,3.6,0.0,2.0,1.0,50.0,0.55,0.28,0.0,0.0,16.4,0.0,0.0,0.0,0.1,0.1,0.03,-0.1,-0.1,Matches,March
169,164,Anthony Elanga,SWE,"FW,MF",Nott'ham Forest,21.0,2002.0,23.9,5.0,51.0,21.0,41.2,2.13,0.88,0.1,0.24,15.8,0.0,0.0,0.0,6.5,6.5,0.13,-1.5,-1.5,Matches,September
170,165,Harvey Elliott,ENG,"MF,FW",Liverpool,21.0,2003.0,10.0,2.0,32.0,10.0,31.3,3.2,1.0,0.06,0.2,22.3,1.0,0.0,0.0,1.4,1.4,0.04,0.6,0.6,Matches,August
171,166,Mohamed Elneny,EGY,MF,Arsenal,31.0,1992.0,0.3,0.0,2.0,1.0,50.0,6.43,3.21,0.0,0.0,25.8,0.0,0.0,0.0,0.1,0.1,0.04,-0.1,-0.1,Matches,December
172,167,Emerson,BRA,DF,Tottenham,25.0,1999.0,10.7,1.0,5.0,3.0,60.0,0.47,0.28,0.2,0.33,21.4,0.0,0.0,0.0,0.2,0.2,0.03,0.8,0.8,Matches,June
173,168,Julio Enciso,PAR,"MF,FW",Brighton,20.0,2004.0,2.6,0.0,16.0,6.0,37.5,6.1,2.29,0.0,0.0,22.3,0.0,0.0,0.0,0.7,0.7,0.04,-0.7,-0.7,Matches,June
174,169,Wataru Endo,JPN,MF,Liverpool,31.0,1993.0,13.9,1.0,8.0,2.0,25.0,0.58,0.14,0.13,0.5,23.2,0.0,0.0,0.0,0.3,0.3,0.04,0.7,0.7,Matches,July
175,170,Christian Eriksen,DEN,MF,Manchester Utd,32.0,1992.0,9.9,1.0,9.0,4.0,44.4,0.91,0.41,0.11,0.25,21.5,1.0,0.0,0.0,0.7,0.7,0.08,0.3,0.3,Matches,July
176,171,Maxime Estève,FRA,DF,Burnley,21.0,2002.0,9.1,0.0,5.0,0.0,0.0,0.55,0.0,0.0,,18.3,0.0,0.0,0.0,0.2,0.2,0.04,-0.2,-0.2,Matches,October
177,172,Pervis Estupiñán,ECU,DF,Brighton,26.0,1998.0,13.7,2.0,11.0,6.0,54.5,0.8,0.44,0.18,0.33,18.8,0.0,0.0,0.0,1.0,1.0,0.09,1.0,1.0,Matches,June
178,173,Jonny Evans,NIR,DF,Manchester Utd,36.0,1988.0,12.3,0.0,1.0,0.0,0.0,0.08,0.0,0.0,,5.4,0.0,0.0,0.0,0.1,0.1,0.06,-0.1,-0.1,Matches,June
179,174,Eberechi Eze,ENG,"MF,FW",Crystal Palace,25.0,1998.0,17.3,6.0,57.0,22.0,38.6,3.29,1.27,0.09,0.23,21.0,10.0,1.0,1.0,6.2,5.4,0.09,-0.2,-0.4,Matches,November
180,175,Łukasz Fabiański,POL,GK,West Ham,38.0,1985.0,6.0,0.0,0.0,0.0,,0.0,0.0,,,,0.0,0.0,0.0,0.0,0.0,,0.0,0.0,Matches,September
181,Rk,Player,N,Pos,Squad,,,,,,,,,,,,,,,,,,,,,Matches,
182,176,Romain Faivre,FRA,"MF,DF",Bournemouth,25.0,1998.0,0.2,0.0,1.0,0.0,0.0,5.0,0.0,0.0,,14.3,0.0,0.0,0.0,0.1,0.1,0.14,-0.1,-0.1,Matches,December
183,177,Ansu Fati,ESP,"MF,FW",Brighton,21.0,2002.0,5.5,2.0,23.0,10.0,43.5,4.22,1.83,0.09,0.2,14.3,0.0,0.0,0.0,3.3,3.3,0.14,-1.3,-1.3,Matches,March
184,178,Felipe,BRA,DF,Nott'ham Forest,34.0,1989.0,4.2,0.0,3.0,0.0,0.0,0.72,0.0,0.0,,16.6,0.0,0.0,0.0,0.1,0.1,0.04,-0.1,-0.1,Matches,October
185,179,Evan Ferguson,IRL,FW,Brighton,19.0,2004.0,15.2,6.0,33.0,20.0,60.6,2.17,1.32,0.18,0.3,15.5,0.0,0.0,0.0,4.6,4.6,0.14,1.4,1.4,Matches,March
186,180,Bruno Fernandes,POR,"MF,FW",Manchester Utd,29.0,1994.0,30.0,6.0,78.0,29.0,37.2,2.6,0.97,0.05,0.14,22.6,11.0,2.0,3.0,8.0,5.6,0.07,-2.0,-1.6,Matches,February
187,181,Enzo Fernández,ARG,MF,Chelsea,23.0,2001.0,23.8,3.0,44.0,13.0,29.5,1.85,0.55,0.05,0.15,21.4,2.0,1.0,2.0,6.1,4.5,0.1,-3.1,-2.5,Matches,June
188,182,John Fleck,SCO,"MF,DF",Sheffield Utd,32.0,1991.0,1.0,0.0,0.0,0.0,,0.0,0.0,,,,0.0,0.0,0.0,0.0,0.0,,0.0,0.0,Matches,January
189,183,Mark Flekken,NED,GK,Brentford,30.0,1993.0,30.5,0.0,0.0,0.0,,0.0,0.0,,,,0.0,0.0,0.0,0.0,0.0,,0.0,0.0,Matches,November
190,184,Phil Foden,ENG,"FW,MF",Manchester City,23.0,2000.0,27.2,14.0,90.0,38.0,42.2,3.31,1.4,0.16,0.37,18.4,2.0,0.0,0.0,9.0,9.0,0.1,5.0,5.0,Matches,October
191,185,Wes Foderingham,ENG,GK,Sheffield Utd,33.0,1991.0,24.4,0.0,0.0,0.0,,0.0,0.0,,,,0.0,0.0,0.0,0.0,0.0,,0.0,0.0,Matches,June
192,186,Pablo Fornals,ESP,"MF,FW",West Ham,28.0,1996.0,4.7,0.0,7.0,3.0,42.9,1.48,0.63,0.0,0.0,20.1,0.0,0.0,0.0,0.3,0.3,0.04,-0.3,-0.3,Matches,July
193,187,Omari Forson,ENG,FW,Manchester Utd,19.0,2004.0,0.7,0.0,1.0,0.0,0.0,1.36,0.0,0.0,,21.6,0.0,0.0,0.0,0.0,0.0,0.03,0.0,0.0,Matches,December
194,188,Lyle Foster,RSA,"FW,MF",Burnley,23.0,2000.0,15.3,4.0,23.0,10.0,43.5,1.51,0.65,0.17,0.4,15.4,0.0,0.0,0.0,2.6,2.6,0.12,1.4,1.4,Matches,January
195,189,Matheus França,BRA,"MF,FW",Crystal Palace,20.0,2004.0,2.6,0.0,8.0,2.0,25.0,3.1,0.78,0.0,0.0,21.8,0.0,0.0,0.0,0.4,0.4,0.05,-0.4,-0.4,Matches,August
196,190,Nathan Fraser,IRL,FW,Wolves,19.0,2005.0,2.0,0.0,3.0,2.0,66.7,1.48,0.99,0.0,0.0,16.6,0.0,0.0,0.0,0.3,0.3,0.11,-0.3,-0.3,Matches,July
197,191,Cody Gakpo,NED,"FW,MF",Liverpool,24.0,1999.0,13.4,6.0,45.0,17.0,37.8,3.36,1.27,0.13,0.35,15.9,0.0,0.0,0.0,6.3,6.3,0.14,-0.3,-0.3,Matches,September
198,192,Conor Gallagher,ENG,MF,Chelsea,24.0,2000.0,26.9,3.0,40.0,14.0,35.0,1.49,0.52,0.08,0.21,21.0,0.0,0.0,0.0,3.0,3.0,0.07,0.0,0.0,Matches,June
199,193,Idrissa Gana Gueye,SEN,MF,Everton,34.0,1989.0,15.4,1.0,20.0,3.0,15.0,1.3,0.2,0.05,0.33,22.2,0.0,0.0,0.0,1.1,1.1,0.05,-0.1,-0.1,Matches,March
200,194,Alejandro Garnacho,ARG,FW,Manchester Utd,19.0,2004.0,22.1,7.0,73.0,19.0,26.0,3.3,0.86,0.1,0.37,15.7,0.0,0.0,0.0,6.4,6.4,0.09,0.6,0.6,Matches,November
201,195,James Garner,ENG,MF,Everton,23.0,2001.0,28.0,1.0,33.0,10.0,30.3,1.18,0.36,0.03,0.1,22.3,4.0,0.0,0.0,2.3,2.3,0.07,-1.3,-1.3,Matches,August
202,196,Saman Ghoddos,IRN,DF,Brentford,30.0,1993.0,7.9,1.0,9.0,2.0,22.2,1.14,0.25,0.11,0.5,22.5,0.0,0.0,0.0,0.3,0.3,0.03,0.7,0.7,Matches,February
203,197,Morgan Gibbs-White,ENG,"MF,FW",Nott'ham Forest,24.0,2000.0,29.1,4.0,57.0,11.0,19.3,1.96,0.38,0.05,0.27,20.4,3.0,1.0,1.0,5.8,5.0,0.09,-1.8,-2.0,Matches,June
204,198,Bryan Gil,ESP,"FW,MF",Tottenham,23.0,2001.0,2.2,0.0,3.0,1.0,33.3,1.38,0.46,0.0,0.0,11.4,0.0,0.0,0.0,0.7,0.7,0.24,-0.7,-0.7,Matches,July
205,199,Alfie Gilchrist,ENG,DF,Chelsea,20.0,2003.0,0.4,0.0,2.0,0.0,0.0,4.5,0.0,0.0,,13.8,0.0,0.0,0.0,0.1,0.1,0.03,-0.1,-0.1,Matches,April
206,200,Billy Gilmour,SCO,MF,Brighton,22.0,2001.0,19.8,0.0,23.0,5.0,21.7,1.16,0.25,0.0,0.0,25.7,0.0,0.0,0.0,0.9,0.9,0.04,-0.9,-0.9,Matches,October
207,Rk,Player,N,Pos,Squad,,,,,,,,,,,,,,,,,,,,,Matches,
208,201,Ben Godfrey,ENG,DF,Everton,26.0,1998.0,9.4,0.0,10.0,3.0,30.0,1.06,0.32,0.0,0.0,12.2,0.0,0.0,0.0,1.4,1.4,0.15,-1.4,-1.4,Matches,June
209,202,André Gomes,POR,"MF,FW",Everton,30.0,1993.0,3.8,1.0,7.0,4.0,57.1,1.86,1.06,0.14,0.25,21.7,2.0,0.0,0.0,0.3,0.3,0.04,0.7,0.7,Matches,December
210,203,João Gomes,BRA,MF,Wolves,23.0,2001.0,23.1,2.0,20.0,6.0,30.0,0.87,0.26,0.1,0.33,19.4,0.0,0.0,0.0,1.3,1.3,0.07,0.7,0.7,Matches,July
211,204,Toti Gomes,POR,DF,Wolves,25.0,1999.0,23.8,0.0,7.0,2.0,28.6,0.29,0.08,0.0,0.0,8.0,0.0,0.0,0.0,1.0,1.0,0.14,-1.0,-1.0,Matches,June
212,205,Joe Gomez,ENG,DF,Liverpool,26.0,1997.0,18.2,0.0,17.0,1.0,5.9,0.93,0.05,0.0,0.0,19.9,0.0,0.0,0.0,0.7,0.7,0.04,-0.7,-0.7,Matches,October
213,206,Sergio Gómez,ESP,FW,Manchester City,23.0,2000.0,0.3,0.0,1.0,0.0,0.0,2.9,0.0,0.0,,9.0,0.0,0.0,0.0,0.2,0.2,0.17,-0.2,-0.2,Matches,January
214,207,Anthony Gordon,ENG,FW,Newcastle Utd,23.0,2001.0,26.3,9.0,68.0,25.0,36.8,2.59,0.95,0.12,0.32,17.6,0.0,1.0,1.0,8.4,7.6,0.11,0.6,0.4,Matches,July
215,208,Kaide Gordon,ENG,FW,Liverpool,19.0,2004.0,0.0,0.0,0.0,0.0,,0.0,0.0,,,,0.0,0.0,0.0,0.0,0.0,,0.0,0.0,Matches,February
216,209,Daniel Gore,ENG,MF,Manchester Utd,19.0,2004.0,0.0,0.0,0.0,0.0,,0.0,0.0,,,,0.0,0.0,0.0,0.0,0.0,,0.0,0.0,Matches,February
217,210,Ryan Gravenberch,NED,MF,Liverpool,21.0,2002.0,10.1,0.0,17.0,7.0,41.2,1.69,0.7,0.0,0.0,20.5,0.0,0.0,0.0,1.6,1.6,0.09,-1.6,-1.6,Matches,October
218,211,Ivo Grbić,CRO,GK,Sheffield Utd,28.0,1996.0,6.6,0.0,0.0,0.0,,0.0,0.0,,,,0.0,0.0,0.0,0.0,0.0,,0.0,0.0,Matches,June
219,212,Jack Grealish,ENG,FW,Manchester City,28.0,1995.0,10.2,3.0,22.0,5.0,22.7,2.16,0.49,0.14,0.6,16.1,0.0,0.0,0.0,2.1,2.1,0.09,0.9,0.9,Matches,February
220,213,Pascal Groß,GER,"MF,DF",Brighton,32.0,1991.0,27.6,4.0,45.0,15.0,33.3,1.63,0.54,0.07,0.2,19.6,4.0,1.0,1.0,5.4,4.6,0.1,-1.4,-1.6,Matches,November
221,214,Marc Guéhi,ENG,DF,Crystal Palace,23.0,2000.0,21.2,0.0,5.0,0.0,0.0,0.24,0.0,0.0,,9.7,0.0,0.0,0.0,0.6,0.6,0.13,-0.6,-0.6,Matches,December
222,215,Bruno Guimarães,BRA,MF,Newcastle Utd,26.0,1997.0,29.3,4.0,36.0,11.0,30.6,1.23,0.38,0.11,0.36,18.3,0.0,0.0,0.0,3.2,3.2,0.09,0.8,0.8,Matches,April
223,216,Malo Gusto,FRA,DF,Chelsea,20.0,2003.0,17.0,0.0,11.0,2.0,18.2,0.65,0.12,0.0,0.0,18.8,0.0,0.0,0.0,0.7,0.7,0.07,-0.7,-0.7,Matches,October
224,217,Joško Gvardiol,CRO,DF,Manchester City,22.0,2002.0,18.9,0.0,21.0,7.0,33.3,1.11,0.37,0.0,0.0,17.8,0.0,0.0,0.0,1.4,1.4,0.07,-1.4,-1.4,Matches,June
225,218,Erling Haaland,NOR,FW,Manchester City,23.0,2000.0,23.4,19.0,93.0,41.0,44.1,3.98,1.76,0.17,0.39,11.5,1.0,3.0,4.0,21.8,18.7,0.2,-2.8,-2.7,Matches,December
226,219,Antwoine Hackford,ENG,FW,Sheffield Utd,20.0,2004.0,0.1,0.0,0.0,0.0,,0.0,0.0,,,,0.0,0.0,0.0,0.0,0.0,,0.0,0.0,Matches,August
227,220,Lewis Hall,ENG,DF,Newcastle Utd,19.0,2004.0,3.5,0.0,1.0,1.0,100.0,0.29,0.29,0.0,0.0,20.2,0.0,0.0,0.0,0.0,0.0,0.02,0.0,0.0,Matches,January
228,221,Gustavo Hamer,NED,MF,Sheffield Utd,26.0,1997.0,25.6,3.0,38.0,9.0,23.7,1.48,0.35,0.08,0.33,23.5,4.0,0.0,0.0,2.4,2.4,0.06,0.6,0.6,Matches,November
229,222,Luke Harris,WAL,MF,Fulham,19.0,2005.0,0.8,0.0,1.0,1.0,100.0,1.2,1.2,0.0,0.0,11.2,0.0,0.0,0.0,0.3,0.3,0.28,-0.3,-0.3,Matches,August
230,223,Jack Harrison,ENG,"MF,FW",Everton,27.0,1996.0,20.1,3.0,26.0,8.0,30.8,1.29,0.4,0.12,0.38,17.5,1.0,0.0,0.0,3.2,3.2,0.12,-0.2,-0.2,Matches,April
231,224,Daiki Hashioka,JPN,DF,Luton Town,24.0,1999.0,3.7,0.0,2.0,0.0,0.0,0.55,0.0,0.0,,18.1,0.0,0.0,0.0,0.1,0.1,0.05,-0.1,-0.1,Matches,October
232,225,Kai Havertz,GER,"MF,FW",Arsenal,24.0,1999.0,22.5,9.0,44.0,15.0,34.1,1.96,0.67,0.18,0.53,12.1,0.0,1.0,1.0,8.9,8.1,0.18,0.1,-0.1,Matches,November
233,Rk,Player,N,Pos,Squad,,,,,,,,,,,,,,,,,,,,,Matches,
234,226,Jan Paul van Hecke,NED,DF,Brighton,23.0,2000.0,24.3,0.0,15.0,6.0,40.0,0.62,0.25,0.0,0.0,11.3,0.0,0.0,0.0,1.2,1.2,0.08,-1.2,-1.2,Matches,October
235,227,Hwang Hee-chan,KOR,"FW,MF",Wolves,28.0,1996.0,18.0,10.0,35.0,12.0,34.3,1.94,0.67,0.26,0.75,12.6,0.0,1.0,1.0,6.3,5.6,0.16,3.7,3.4,Matches,June
236,228,Dean Henderson,ENG,GK,Crystal Palace,27.0,1997.0,11.0,0.0,0.0,0.0,,0.0,0.0,,,,0.0,0.0,0.0,0.0,0.0,,0.0,0.0,Matches,August
237,229,Rico Henry,ENG,DF,Brentford,26.0,1997.0,4.5,0.0,2.0,0.0,0.0,0.45,0.0,0.0,,19.2,0.0,0.0,0.0,0.1,0.1,0.04,-0.1,-0.1,Matches,December
238,230,Son Heung-min,KOR,FW,Tottenham,31.0,1992.0,26.0,15.0,70.0,32.0,45.7,2.69,1.23,0.2,0.44,15.1,0.0,1.0,1.0,9.3,8.5,0.12,5.7,5.5,Matches,December
239,231,Aaron Hickey,SCO,DF,Brentford,21.0,2002.0,7.9,0.0,7.0,1.0,14.3,0.88,0.13,0.0,0.0,25.3,0.0,0.0,0.0,0.2,0.2,0.03,-0.2,-0.2,Matches,October
240,232,James Hill,ENG,DF,Bournemouth,22.0,2002.0,0.8,0.0,0.0,0.0,,0.0,0.0,,,,0.0,0.0,0.0,0.0,0.0,,0.0,0.0,Matches,June
241,233,Jack Hinshelwood,ENG,DF,Brighton,18.0,2005.0,9.7,3.0,14.0,8.0,57.1,1.45,0.83,0.21,0.38,9.2,0.0,0.0,0.0,1.9,1.9,0.14,1.1,1.1,Matches,August
242,234,Mason Holgate,ENG,DF,Sheffield Utd,27.0,1996.0,4.9,0.0,2.0,0.0,0.0,0.41,0.0,0.0,,7.1,0.0,0.0,0.0,0.4,0.4,0.22,-0.4,-0.4,Matches,March
243,235,Callum Hudson-Odoi,ENG,"FW,MF",Nott'ham Forest,23.0,2000.0,14.8,5.0,23.0,13.0,56.5,1.55,0.88,0.22,0.38,17.6,1.0,0.0,0.0,1.8,1.8,0.08,3.2,3.2,Matches,March
244,236,Will Hughes,ENG,MF,Crystal Palace,28.0,1995.0,16.4,0.0,4.0,2.0,50.0,0.24,0.12,0.0,0.0,18.4,0.0,0.0,0.0,0.2,0.2,0.05,-0.2,-0.2,Matches,September
245,237,Pierre Højbjerg,DEN,MF,Tottenham,28.0,1995.0,11.9,0.0,15.0,5.0,33.3,1.26,0.42,0.0,0.0,26.9,2.0,0.0,0.0,0.5,0.5,0.04,-0.5,-0.5,Matches,January
246,238,Rasmus Højlund,DEN,FW,Manchester Utd,21.0,2003.0,19.0,7.0,31.0,16.0,51.6,1.63,0.84,0.23,0.44,11.4,0.0,0.0,0.0,6.7,6.7,0.22,0.3,0.3,Matches,June
247,239,Igor,BRA,DF,Brighton,26.0,1998.0,12.1,0.0,4.0,0.0,0.0,0.33,0.0,0.0,,22.6,0.0,0.0,0.0,0.2,0.2,0.05,-0.2,-0.2,Matches,July
248,240,Danny Ings,ENG,FW,West Ham,31.0,1992.0,2.9,1.0,9.0,3.0,33.3,3.06,1.02,0.11,0.33,13.4,0.0,0.0,0.0,1.1,1.1,0.13,-0.1,-0.1,Matches,December
249,241,Tim Iroegbunam,ENG,MF,Aston Villa,20.0,2003.0,1.4,0.0,0.0,0.0,,0.0,0.0,,,,0.0,0.0,0.0,0.0,0.0,,0.0,0.0,Matches,November
250,242,Alexander Isak,SWE,FW,Newcastle Utd,24.0,1999.0,18.6,15.0,50.0,26.0,52.0,2.69,1.4,0.22,0.42,14.3,0.0,4.0,4.0,14.4,11.2,0.23,0.6,-0.2,Matches,February
251,243,Alex Iwobi,NGA,MF,Everton,27.0,1996.0,1.6,0.0,4.0,2.0,50.0,2.57,1.29,0.0,0.0,16.2,0.0,0.0,0.0,0.3,0.3,0.08,-0.3,-0.3,Matches,September
252,244,Alex Iwobi,NGA,"FW,MF",Fulham,27.0,1996.0,18.6,5.0,45.0,15.0,33.3,2.42,0.81,0.11,0.33,18.4,0.0,0.0,0.0,4.8,4.8,0.11,0.2,0.2,Matches,September
253,245,Nicolas Jackson,SEN,FW,Chelsea,22.0,2001.0,23.2,9.0,57.0,28.0,49.1,2.46,1.21,0.16,0.32,12.6,0.0,0.0,0.0,13.4,13.4,0.24,-4.4,-4.4,Matches,November
254,246,Reece James,ENG,DF,Chelsea,24.0,1999.0,4.3,0.0,7.0,1.0,14.3,1.62,0.23,0.0,0.0,20.9,3.0,0.0,0.0,0.3,0.3,0.04,-0.3,-0.3,Matches,May
255,247,Vitaly Janelt,GER,"MF,DF",Brentford,25.0,1998.0,28.7,0.0,18.0,5.0,27.8,0.63,0.17,0.0,0.0,17.2,0.0,0.0,0.0,1.5,1.5,0.08,-1.5,-1.5,Matches,October
256,248,Mathias Jensen,DEN,MF,Brentford,28.0,1996.0,20.6,3.0,12.0,6.0,50.0,0.58,0.29,0.25,0.5,27.6,3.0,0.0,0.0,0.6,0.6,0.05,2.4,2.4,Matches,May
257,249,Gabriel Jesus,BRA,FW,Arsenal,27.0,1997.0,14.2,4.0,49.0,18.0,36.7,3.46,1.27,0.08,0.22,11.8,0.0,0.0,0.0,6.0,6.0,0.12,-2.0,-2.0,Matches,August
258,250,Raúl Jiménez,MEX,FW,Fulham,32.0,1991.0,14.2,5.0,37.0,15.0,40.5,2.61,1.06,0.14,0.33,15.0,0.0,0.0,0.0,4.5,4.5,0.12,0.5,0.5,Matches,October
259,Rk,Player,N,Pos,Squad,,,,,,,,,,,,,,,,,,,,,Matches,
260,251,João Pedro,BRA,"FW,MF",Brighton,22.0,2001.0,16.8,8.0,50.0,18.0,36.0,2.98,1.07,0.08,0.22,15.0,0.0,4.0,4.0,8.7,5.6,0.11,-0.7,-1.6,Matches,February
261,252,Joelinton,BRA,"MF,FW",Newcastle Utd,27.0,1996.0,12.6,2.0,15.0,5.0,33.3,1.19,0.4,0.13,0.4,16.0,0.0,0.0,0.0,2.3,2.3,0.15,-0.3,-0.3,Matches,January
262,253,Ryan John Giles,ENG,"DF,MF",Luton Town,24.0,2000.0,5.6,0.0,2.0,2.0,100.0,0.36,0.36,0.0,0.0,14.2,0.0,0.0,0.0,0.1,0.1,0.05,-0.1,-0.1,Matches,June
263,254,Ben Johnson,ENG,"DF,FW",West Ham,24.0,2000.0,5.3,0.0,6.0,2.0,33.3,1.13,0.38,0.0,0.0,24.1,0.0,0.0,0.0,0.2,0.2,0.03,-0.2,-0.2,Matches,June
264,255,Brennan Johnson,WAL,FW,Tottenham,22.0,2001.0,16.6,5.0,39.0,17.0,43.6,2.34,1.02,0.13,0.29,13.2,0.0,0.0,0.0,7.8,7.8,0.2,-2.8,-2.8,Matches,October
265,256,Brennan Johnson,WAL,"FW,MF",Nott'ham Forest,22.0,2001.0,2.6,0.0,3.0,0.0,0.0,1.14,0.0,0.0,,19.7,0.0,0.0,0.0,0.3,0.3,0.11,-0.3,-0.3,Matches,October
266,257,Sam Johnstone,ENG,GK,Crystal Palace,31.0,1993.0,20.0,0.0,0.0,0.0,,0.0,0.0,,,,0.0,0.0,0.0,0.0,0.0,,0.0,0.0,Matches,August
267,258,Curtis Jones,ENG,MF,Liverpool,23.0,2001.0,11.1,1.0,15.0,4.0,26.7,1.35,0.36,0.07,0.25,17.0,0.0,0.0,0.0,1.8,1.8,0.12,-0.8,-0.8,Matches,June
268,259,Jorginho,ITA,MF,Arsenal,32.0,1991.0,9.9,0.0,4.0,0.0,0.0,0.4,0.0,0.0,,24.6,0.0,0.0,0.0,0.1,0.1,0.02,-0.1,-0.1,Matches,May
269,260,Diogo Jota,POR,FW,Liverpool,27.0,1996.0,11.6,9.0,36.0,17.0,47.2,3.09,1.46,0.25,0.53,12.5,0.0,0.0,0.0,4.4,4.4,0.12,4.6,4.6,Matches,May
270,261,Mads Juel Andersen,DEN,DF,Luton Town,26.0,1997.0,4.4,1.0,3.0,1.0,33.3,0.68,0.23,0.33,1.0,9.2,0.0,0.0,0.0,0.3,0.3,0.09,0.7,0.7,Matches,May
271,262,Hamed Junior Traorè,CIV,MF,Bournemouth,24.0,2000.0,0.5,0.0,3.0,2.0,66.7,5.74,3.83,0.0,0.0,25.9,0.0,0.0,0.0,0.2,0.2,0.06,-0.2,-0.2,Matches,July
272,263,Mathias Jørgensen,DEN,DF,Brentford,33.0,1990.0,10.1,1.0,8.0,2.0,25.0,0.79,0.2,0.13,0.5,14.2,0.0,0.0,0.0,0.7,0.7,0.09,0.3,0.3,Matches,September
273,264,Issa Kaboré,BFA,DF,Luton Town,22.0,2001.0,18.8,0.0,6.0,1.0,16.7,0.32,0.05,0.0,0.0,15.8,0.0,0.0,0.0,0.2,0.2,0.04,-0.2,-0.2,Matches,October
274,265,Sasa Kalajdzic,AUT,FW,Wolves,26.0,1997.0,1.8,2.0,4.0,2.0,50.0,2.17,1.08,0.5,1.0,11.2,0.0,0.0,0.0,1.1,1.1,0.26,0.9,0.9,Matches,December
275,266,Boubacar Kamara,FRA,MF,Aston Villa,24.0,1999.0,18.4,0.0,5.0,1.0,20.0,0.27,0.05,0.0,0.0,16.7,0.0,0.0,0.0,0.1,0.1,0.03,-0.1,-0.1,Matches,April
276,267,Willy Kambwala,FRA,DF,Manchester Utd,19.0,2004.0,2.5,0.0,0.0,0.0,,0.0,0.0,,,,0.0,0.0,0.0,0.0,0.0,,0.0,0.0,Matches,January
277,268,Thomas Kaminski,BEL,GK,Luton Town,31.0,1992.0,32.0,0.0,0.0,0.0,,0.0,0.0,,,,0.0,0.0,0.0,0.0,0.0,,0.0,0.0,Matches,March
278,269,Loris Karius,GER,GK,Newcastle Utd,30.0,1993.0,1.0,0.0,0.0,0.0,,0.0,0.0,,,,0.0,0.0,0.0,0.0,0.0,,0.0,0.0,Matches,November
279,270,Michael Keane,ENG,DF,Everton,31.0,1993.0,4.5,1.0,6.0,4.0,66.7,1.34,0.89,0.17,0.25,10.8,0.0,0.0,0.0,0.7,0.7,0.12,0.3,0.3,Matches,June
280,271,Thilo Kehrer,GER,"DF,MF",West Ham,27.0,1996.0,0.2,0.0,0.0,0.0,,0.0,0.0,,,,0.0,0.0,0.0,0.0,0.0,,0.0,0.0,Matches,February
281,272,Caoimhín Kelleher,IRL,GK,Liverpool,25.0,1998.0,10.0,0.0,0.0,0.0,,0.0,0.0,,,,0.0,0.0,0.0,0.0,0.0,,0.0,0.0,Matches,April
282,273,Lloyd Kelly,ENG,DF,Bournemouth,25.0,1998.0,13.6,0.0,3.0,1.0,33.3,0.22,0.07,0.0,0.0,9.1,0.0,0.0,0.0,0.3,0.3,0.1,-0.3,-0.3,Matches,March
283,274,Omari Kellyman,ENG,FW,Aston Villa,18.0,2005.0,0.2,0.0,1.0,0.0,0.0,6.43,0.0,0.0,,20.8,0.0,0.0,0.0,0.1,0.1,0.07,-0.1,-0.1,Matches,January
284,275,Milos Kerkez,HUN,DF,Bournemouth,20.0,2003.0,18.0,0.0,9.0,3.0,33.3,0.5,0.17,0.0,0.0,21.5,0.0,0.0,0.0,0.4,0.4,0.04,-0.4,-0.4,Matches,March
285,Rk,Player,N,Pos,Squad,,,,,,,,,,,,,,,,,,,,,Matches,
286,276,Kaine Kesler-Hayden,ENG,DF,Aston Villa,21.0,2002.0,0.0,0.0,0.0,0.0,,0.0,0.0,,,,0.0,0.0,0.0,0.0,0.0,,0.0,0.0,Matches,March
287,277,Max Kilman,ENG,DF,Wolves,26.0,1997.0,31.0,2.0,12.0,5.0,41.7,0.39,0.16,0.17,0.4,9.1,0.0,0.0,0.0,1.8,1.8,0.15,0.2,0.2,Matches,October
288,278,Jakub Kiwior,POL,DF,Arsenal,24.0,2000.0,9.5,1.0,6.0,2.0,33.3,0.63,0.21,0.17,0.5,13.8,0.0,0.0,0.0,0.8,0.8,0.14,0.2,0.2,Matches,July
289,279,Justin Kluivert,NED,"MF,FW",Bournemouth,24.0,1999.0,15.5,5.0,37.0,13.0,35.1,2.39,0.84,0.14,0.38,17.5,2.0,0.0,0.0,4.3,4.3,0.12,0.7,0.7,Matches,September
290,280,Luca Koleosho,ITA,"MF,FW",Burnley,19.0,2004.0,10.8,1.0,23.0,5.0,21.7,2.13,0.46,0.04,0.2,18.5,0.0,0.0,0.0,2.0,2.0,0.09,-1.0,-1.0,Matches,January
291,281,Ibrahima Konaté,FRA,DF,Liverpool,24.0,1999.0,15.8,0.0,9.0,2.0,22.2,0.57,0.13,0.0,0.0,12.2,0.0,0.0,0.0,0.5,0.5,0.05,-0.5,-0.5,Matches,October
292,282,Ezri Konsa,ENG,DF,Aston Villa,26.0,1997.0,28.1,1.0,17.0,5.0,29.4,0.6,0.18,0.06,0.2,11.6,0.0,0.0,0.0,2.4,2.4,0.14,-1.4,-1.4,Matches,March
293,283,Cheikhou Kouyaté,SEN,MF,Nott'ham Forest,34.0,1989.0,2.3,0.0,5.0,1.0,20.0,2.15,0.43,0.0,0.0,19.8,0.0,0.0,0.0,0.3,0.3,0.06,-0.3,-0.3,Matches,May
294,284,Mateo Kovačić,CRO,MF,Manchester City,29.0,1994.0,11.8,0.0,14.0,3.0,21.4,1.18,0.25,0.0,0.0,21.9,0.0,0.0,0.0,0.8,0.8,0.06,-0.8,-0.8,Matches,October
295,285,Emil Krafth,SWE,DF,Newcastle Utd,29.0,1994.0,3.6,0.0,2.0,0.0,0.0,0.55,0.0,0.0,,17.9,0.0,0.0,0.0,0.2,0.2,0.08,-0.2,-0.2,Matches,December
296,286,Dejan Kulusevski,SWE,"FW,MF",Tottenham,23.0,2000.0,25.4,6.0,44.0,17.0,38.6,1.73,0.67,0.14,0.35,15.9,0.0,0.0,0.0,3.5,3.5,0.08,2.5,2.5,Matches,September
297,287,Adam Lallana,ENG,MF,Brighton,35.0,1988.0,8.2,0.0,8.0,2.0,25.0,0.98,0.24,0.0,0.0,18.4,0.0,0.0,0.0,0.5,0.5,0.07,-0.5,-0.5,Matches,October
298,288,Tariq Lamptey,GHA,"DF,FW",Brighton,23.0,2000.0,8.5,0.0,6.0,0.0,0.0,0.7,0.0,0.0,,18.2,0.0,0.0,0.0,0.4,0.4,0.07,-0.4,-0.4,Matches,February
299,289,Aymeric Laporte,ESP,DF,Manchester City,29.0,1994.0,0.1,0.0,1.0,1.0,100.0,7.5,7.5,0.0,0.0,10.8,0.0,0.0,0.0,0.0,0.0,0.04,0.0,0.0,Matches,October
300,290,Yasser Larouci,ALG,DF,Sheffield Utd,23.0,2001.0,4.7,0.0,5.0,1.0,20.0,1.07,0.21,0.0,0.0,20.5,0.0,0.0,0.0,0.2,0.2,0.04,-0.2,-0.2,Matches,May
301,291,Jamaal Lascelles,ENG,DF,Newcastle Utd,30.0,1993.0,12.0,1.0,6.0,1.0,16.7,0.5,0.08,0.17,1.0,9.3,0.0,0.0,0.0,0.7,0.7,0.12,0.3,0.3,Matches,April
302,292,Roméo Lavia,BEL,MF,Chelsea,20.0,2004.0,0.4,0.0,0.0,0.0,,0.0,0.0,,,,0.0,0.0,0.0,0.0,0.0,,0.0,0.0,Matches,May
303,293,Mario Lemina,GAB,MF,Wolves,30.0,1993.0,27.0,4.0,41.0,15.0,36.6,1.52,0.55,0.1,0.27,15.9,0.0,0.0,0.0,4.4,4.4,0.11,-0.4,-0.4,Matches,January
304,294,Clément Lenglet,FRA,DF,Aston Villa,28.0,1995.0,11.8,0.0,8.0,2.0,25.0,0.68,0.17,0.0,0.0,10.5,0.0,0.0,0.0,0.9,0.9,0.11,-0.9,-0.9,Matches,November
305,295,Bernd Leno,GER,GK,Fulham,32.0,1992.0,32.0,0.0,0.0,0.0,,0.0,0.0,,,,0.0,0.0,0.0,0.0,0.0,,0.0,0.0,Matches,August
306,296,Jefferson Lerma,COL,MF,Crystal Palace,29.0,1994.0,25.5,1.0,34.0,9.0,26.5,1.33,0.35,0.03,0.11,19.7,0.0,0.0,0.0,2.7,2.7,0.08,-1.7,-1.7,Matches,March
307,297,Rico Lewis,ENG,"DF,MF",Manchester City,19.0,2004.0,7.8,2.0,5.0,4.0,80.0,0.64,0.52,0.4,0.5,15.5,0.0,0.0,0.0,0.6,0.6,0.13,1.4,1.4,Matches,April
308,298,Keane Lewis-Potter,ENG,"DF,FW",Brentford,23.0,2001.0,13.4,2.0,33.0,14.0,42.4,2.46,1.04,0.06,0.14,12.9,0.0,0.0,0.0,4.3,4.3,0.13,-2.3,-2.3,Matches,July
309,299,Victor Lindelöf,SWE,DF,Manchester Utd,29.0,1994.0,14.8,1.0,6.0,4.0,66.7,0.41,0.27,0.17,0.25,10.4,0.0,0.0,0.0,0.8,0.8,0.13,0.2,0.2,Matches,December
310,300,Valentino Livramento,ENG,DF,Newcastle Utd,21.0,2002.0,11.5,1.0,3.0,1.0,33.3,0.26,0.09,0.33,1.0,13.1,0.0,0.0,0.0,0.3,0.3,0.09,0.7,0.7,Matches,April
311,Rk,Player,N,Pos,Squad,,,,,,,,,,,,,,,,,,,,,Matches,
312,301,Giovani Lo Celso,ARG,MF,Tottenham,27.0,1996.0,5.1,2.0,10.0,5.0,50.0,1.94,0.97,0.2,0.4,22.2,0.0,0.0,0.0,0.5,0.5,0.05,1.5,1.5,Matches,September
313,302,Tom Lockyer,WAL,DF,Luton Town,29.0,1994.0,13.0,1.0,7.0,1.0,14.3,0.54,0.08,0.14,1.0,8.5,0.0,0.0,0.0,1.1,1.1,0.15,-0.1,-0.1,Matches,May
314,303,Sean Longstaff,ENG,MF,Newcastle Utd,26.0,1997.0,24.1,4.0,31.0,11.0,35.5,1.29,0.46,0.13,0.36,15.5,0.0,0.0,0.0,4.4,4.4,0.14,-0.4,-0.4,Matches,March
315,304,Max Lowe,ENG,"DF,MF",Sheffield Utd,26.0,1997.0,4.4,0.0,2.0,0.0,0.0,0.45,0.0,0.0,,10.4,0.0,0.0,0.0,0.6,0.6,0.29,-0.6,-0.6,Matches,October
316,305,Douglas Luiz,BRA,MF,Aston Villa,25.0,1998.0,29.6,9.0,43.0,13.0,30.2,1.45,0.44,0.12,0.38,23.5,5.0,4.0,4.0,6.8,3.7,0.09,2.2,1.3,Matches,October
317,306,Saša Lukić,SRB,MF,Fulham,27.0,1996.0,9.4,1.0,10.0,3.0,30.0,1.07,0.32,0.1,0.33,17.7,0.0,0.0,0.0,1.4,1.4,0.14,-0.4,-0.4,Matches,January
318,307,Ian Maatsen,NED,"FW,MF",Chelsea,22.0,2002.0,2.3,0.0,5.0,0.0,0.0,2.15,0.0,0.0,,17.1,0.0,0.0,0.0,0.8,0.8,0.16,-0.8,-0.8,Matches,July
319,308,Alexis Mac Allister,ARG,MF,Liverpool,25.0,1998.0,23.1,4.0,32.0,6.0,18.8,1.39,0.26,0.09,0.5,24.8,1.0,1.0,1.0,2.6,1.8,0.06,1.4,1.2,Matches,May
320,309,James Maddison,ENG,MF,Tottenham,27.0,1996.0,18.6,4.0,45.0,19.0,42.2,2.42,1.02,0.09,0.21,18.7,2.0,0.0,0.0,4.6,4.6,0.1,-0.6,-0.6,Matches,April
321,310,Noni Madueke,ENG,FW,Chelsea,22.0,2002.0,5.1,3.0,16.0,6.0,37.5,3.12,1.17,0.13,0.33,19.4,0.0,1.0,1.0,1.4,0.7,0.04,1.6,1.3,Matches,July
322,311,Harry Maguire,ENG,DF,Manchester Utd,31.0,1993.0,15.4,1.0,18.0,2.0,11.1,1.17,0.13,0.06,0.5,10.4,0.0,0.0,0.0,1.9,1.9,0.11,-0.9,-0.9,Matches,August
323,312,Kobbie Mainoo,ENG,MF,Manchester Utd,18.0,2005.0,15.1,2.0,7.0,4.0,57.1,0.46,0.27,0.29,0.5,22.6,0.0,0.0,0.0,0.3,0.3,0.04,1.7,1.7,Matches,September
324,313,Orel Mangala,BEL,MF,Nott'ham Forest,26.0,1998.0,17.4,1.0,10.0,1.0,10.0,0.58,0.06,0.1,1.0,18.9,0.0,0.0,0.0,0.8,0.8,0.08,0.2,0.2,Matches,August
325,314,Benson Manuel,BEL,"MF,FW",Burnley,27.0,1997.0,1.1,0.0,4.0,2.0,50.0,3.71,1.86,0.0,0.0,24.0,0.0,0.0,0.0,0.1,0.1,0.02,-0.1,-0.1,Matches,August
326,315,Solly March,ENG,"FW,DF",Brighton,29.0,1994.0,6.2,3.0,14.0,6.0,42.9,2.27,0.97,0.21,0.5,16.6,1.0,0.0,0.0,2.0,2.0,0.14,1.0,1.0,Matches,December
327,316,Anthony Martial,FRA,FW,Manchester Utd,28.0,1995.0,5.0,1.0,6.0,4.0,66.7,1.21,0.8,0.17,0.25,12.9,0.0,0.0,0.0,1.2,1.2,0.2,-0.2,-0.2,Matches,May
328,317,Gabriel Martinelli,BRA,FW,Arsenal,22.0,2001.0,20.1,6.0,50.0,15.0,30.0,2.49,0.75,0.12,0.4,15.8,0.0,0.0,0.0,5.7,5.7,0.11,0.3,0.3,Matches,November
329,318,Emiliano Martínez,ARG,GK,Aston Villa,31.0,1992.0,30.0,0.0,0.0,0.0,,0.0,0.0,,,,0.0,0.0,0.0,0.0,0.0,,0.0,0.0,Matches,February
330,319,Lisandro Martínez,ARG,DF,Manchester Utd,26.0,1998.0,6.4,0.0,0.0,0.0,,0.0,0.0,,,,0.0,0.0,0.0,0.0,0.0,,0.0,0.0,Matches,June
331,320,Han-Noah Massengo,FRA,"MF,DF",Burnley,22.0,2001.0,0.2,0.0,0.0,0.0,,0.0,0.0,,,,0.0,0.0,0.0,0.0,0.0,,0.0,0.0,Matches,November
332,321,Pape Matar Sarr,SEN,MF,Tottenham,21.0,2002.0,18.0,3.0,32.0,12.0,37.5,1.78,0.67,0.09,0.25,17.3,0.0,0.0,0.0,2.9,2.9,0.09,0.1,0.1,Matches,February
333,322,Jean-Philippe Mateta,FRA,FW,Crystal Palace,26.0,1997.0,19.5,7.0,28.0,13.0,46.4,1.43,0.67,0.18,0.38,13.6,0.0,2.0,2.0,5.8,4.2,0.15,1.2,0.8,Matches,November
334,323,Joël Matip,CMR,DF,Liverpool,32.0,1991.0,8.7,0.0,5.0,0.0,0.0,0.58,0.0,0.0,,10.6,0.0,0.0,0.0,0.5,0.5,0.1,-0.5,-0.5,Matches,January
335,324,Alex Matos,ENG,MF,Chelsea,19.0,2004.0,0.0,0.0,0.0,0.0,,0.0,0.0,,,,0.0,0.0,0.0,0.0,0.0,,0.0,0.0,Matches,February
336,325,Remi Matthews,ENG,GK,Crystal Palace,30.0,1994.0,0.0,0.0,0.0,0.0,,0.0,0.0,,,,0.0,0.0,0.0,0.0,0.0,,0.0,0.0,Matches,July
337,Rk,Player,N,Pos,Squad,,,,,,,,,,,,,,,,,,,,,Matches,
338,326,Neal Maupay,FRA,FW,Brentford,27.0,1996.0,13.5,6.0,34.0,14.0,41.2,2.51,1.04,0.18,0.43,13.7,1.0,0.0,0.0,5.3,5.3,0.16,0.7,0.7,Matches,January
339,327,Neal Maupay,FRA,FW,Everton,27.0,1996.0,1.2,0.0,5.0,4.0,80.0,4.05,3.24,0.0,0.0,12.5,0.0,0.0,0.0,1.4,1.4,0.29,-1.4,-1.4,Matches,January
340,328,Konstantinos Mavropanos,GRE,DF,West Ham,26.0,1997.0,15.0,1.0,10.0,1.0,10.0,0.67,0.07,0.1,1.0,9.1,0.0,0.0,0.0,1.1,1.1,0.11,-0.1,-0.1,Matches,May
341,329,Bryan Mbeumo,CMR,FW,Brentford,24.0,1999.0,15.8,8.0,42.0,14.0,33.3,2.66,0.89,0.12,0.36,17.2,4.0,3.0,3.0,9.0,6.6,0.16,-1.0,-1.6,Matches,December
342,330,James Mcatee,ENG,"MF,FW",Sheffield Utd,21.0,2002.0,18.3,3.0,22.0,7.0,31.8,1.2,0.38,0.09,0.29,18.2,2.0,1.0,1.0,2.9,2.1,0.1,0.1,-0.1,Matches,March
343,331,James Mcatee,ENG,MF,Manchester City,21.0,2002.0,0.0,0.0,0.0,0.0,,0.0,0.0,,,,0.0,0.0,0.0,0.0,0.0,,0.0,0.0,Matches,March
344,332,Oliver McBurnie,SCO,FW,Sheffield Utd,27.0,1996.0,12.4,6.0,26.0,13.0,50.0,2.1,1.05,0.15,0.31,12.2,0.0,2.0,2.0,5.8,4.2,0.16,0.2,-0.2,Matches,October
345,333,James McConnell,ENG,MF,Liverpool,19.0,2004.0,0.0,0.0,0.0,0.0,,0.0,0.0,,,,0.0,0.0,0.0,0.0,0.0,,0.0,0.0,Matches,January
346,334,John McGinn,SCO,"MF,FW",Aston Villa,29.0,1994.0,27.4,6.0,35.0,14.0,40.0,1.28,0.51,0.17,0.43,19.5,3.0,0.0,0.0,4.3,4.3,0.12,1.7,1.7,Matches,March
347,335,Scott McKenna,SCO,DF,Nott'ham Forest,27.0,1996.0,4.6,0.0,2.0,0.0,0.0,0.43,0.0,0.0,,10.8,0.0,0.0,0.0,0.2,0.2,0.1,-0.2,-0.2,Matches,April
348,336,Dwight McNeil,ENG,"MF,FW",Everton,24.0,1999.0,25.4,2.0,47.0,11.0,23.4,1.85,0.43,0.04,0.18,21.0,0.0,0.0,0.0,3.0,3.0,0.06,-1.0,-1.0,Matches,April
349,337,Scott McTominay,SCO,"MF,FW",Manchester Utd,27.0,1996.0,17.5,7.0,36.0,17.0,47.2,2.05,0.97,0.19,0.41,14.5,0.0,0.0,0.0,5.1,5.1,0.15,1.9,1.9,Matches,May
350,338,Ben Mee,ENG,DF,Brentford,34.0,1989.0,14.1,2.0,10.0,2.0,20.0,0.71,0.14,0.2,1.0,12.7,0.0,0.0,0.0,1.5,1.5,0.15,0.5,0.5,Matches,February
351,339,Hannibal Mejbri,TUN,"MF,FW",Manchester Utd,21.0,2003.0,1.5,1.0,1.0,1.0,100.0,0.68,0.68,1.0,1.0,28.7,0.0,0.0,0.0,0.0,0.0,0.03,1.0,1.0,Matches,June
352,340,Teden Mengi,ENG,DF,Luton Town,21.0,2002.0,23.3,1.0,8.0,3.0,37.5,0.34,0.13,0.13,0.33,17.7,0.0,0.0,0.0,0.4,0.4,0.05,0.6,0.6,Matches,September
353,341,Chris Mepham,WAL,DF,Bournemouth,26.0,1997.0,6.9,0.0,1.0,1.0,100.0,0.15,0.15,0.0,0.0,8.8,0.0,0.0,0.0,0.1,0.1,0.09,-0.1,-0.1,Matches,April
354,342,Lewis Miley,ENG,MF,Newcastle Utd,17.0,2006.0,13.4,1.0,13.0,3.0,23.1,0.97,0.22,0.08,0.33,15.4,0.0,0.0,0.0,1.2,1.2,0.1,-0.2,-0.2,Matches,September
355,343,James Milner,ENG,"DF,MF",Brighton,38.0,1986.0,8.6,0.0,5.0,1.0,20.0,0.58,0.12,0.0,0.0,17.2,0.0,0.0,0.0,0.3,0.3,0.06,-0.3,-0.3,Matches,June
356,344,Tyrone Mings,ENG,DF,Aston Villa,31.0,1993.0,0.3,0.0,1.0,0.0,0.0,3.0,0.0,0.0,,18.4,0.0,0.0,0.0,0.0,0.0,0.01,0.0,0.0,Matches,August
357,345,Tyrick Mitchell,ENG,"DF,MF",Crystal Palace,24.0,1999.0,28.9,1.0,5.0,2.0,40.0,0.17,0.07,0.2,0.5,13.1,0.0,0.0,0.0,0.7,0.7,0.14,0.3,0.3,Matches,January
358,346,Kaoru Mitoma,JPN,FW,Brighton,26.0,1997.0,16.5,3.0,34.0,15.0,44.1,2.06,0.91,0.09,0.2,13.2,0.0,0.0,0.0,3.5,3.5,0.1,-0.5,-0.5,Matches,October
359,347,Aleksandar Mitrović,SRB,FW,Fulham,29.0,1994.0,0.4,0.0,2.0,1.0,50.0,5.45,2.73,0.0,0.0,11.0,0.0,0.0,0.0,0.2,0.2,0.08,-0.2,-0.2,Matches,February
360,348,Jakub Moder,POL,MF,Brighton,25.0,1999.0,4.1,0.0,7.0,1.0,14.3,1.7,0.24,0.0,0.0,16.7,0.0,0.0,0.0,0.4,0.4,0.06,-0.4,-0.4,Matches,September
361,349,Kudus Mohammed,GHA,"FW,MF",West Ham,23.0,2000.0,21.7,7.0,52.0,13.0,25.0,2.4,0.6,0.13,0.54,18.3,0.0,0.0,0.0,3.9,3.9,0.07,3.1,3.1,Matches,December
362,350,Gonzalo Montiel,ARG,DF,Nott'ham Forest,27.0,1997.0,5.6,0.0,2.0,0.0,0.0,0.36,0.0,0.0,,17.2,0.0,0.0,0.0,0.1,0.1,0.05,-0.1,-0.1,Matches,May
363,Rk,Player,N,Pos,Squad,,,,,,,,,,,,,,,,,,,,,Matches,
364,351,Kieffer Moore,WAL,"FW,MF",Bournemouth,31.0,1992.0,1.2,1.0,6.0,2.0,33.3,5.0,1.67,0.17,0.5,12.5,0.0,0.0,0.0,1.5,1.5,0.25,-0.5,-0.5,Matches,January
365,352,Álex Moreno,ESP,DF,Aston Villa,30.0,1993.0,11.3,2.0,8.0,4.0,50.0,0.71,0.35,0.25,0.5,12.3,0.0,0.0,0.0,1.1,1.1,0.14,0.9,0.9,Matches,November
366,353,Carlton Morris,ENG,"FW,MF",Luton Town,28.0,1995.0,25.8,9.0,56.0,21.0,37.5,2.17,0.81,0.09,0.24,13.0,0.0,4.0,4.0,9.4,6.3,0.11,-0.4,-1.3,Matches,May
367,354,Mason Mount,ENG,"MF,FW",Manchester Utd,25.0,1999.0,4.7,1.0,4.0,1.0,25.0,0.85,0.21,0.25,1.0,12.5,0.0,0.0,0.0,0.3,0.3,0.08,0.7,0.7,Matches,June
368,355,Divin Mubama,ENG,FW,West Ham,19.0,2004.0,0.9,0.0,1.0,0.0,0.0,1.13,0.0,0.0,,12.5,0.0,0.0,0.0,0.1,0.1,0.15,-0.1,-0.1,Matches,March
369,356,Mykhailo Mudryk,UKR,"FW,MF",Chelsea,23.0,2001.0,12.0,4.0,24.0,7.0,29.2,2.0,0.58,0.17,0.57,17.6,0.0,0.0,0.0,3.3,3.3,0.14,0.7,0.7,Matches,May
370,357,Rodrigo Muniz,BRA,FW,Fulham,22.0,2001.0,13.3,8.0,58.0,18.0,31.0,4.35,1.35,0.14,0.44,12.1,0.0,0.0,0.0,6.5,6.5,0.11,1.5,1.5,Matches,September
371,358,Daniel Muñoz,COL,"DF,MF",Crystal Palace,27.0,1996.0,9.0,0.0,4.0,0.0,0.0,0.44,0.0,0.0,,6.1,0.0,0.0,0.0,0.8,0.8,0.19,-0.8,-0.8,Matches,October
372,359,Arijanet Muric,KVX,GK,Burnley,25.0,1998.0,4.0,0.0,0.0,0.0,,0.0,0.0,,,,0.0,0.0,0.0,0.0,0.0,,0.0,0.0,Matches,April
373,360,Murillo,BRA,DF,Nott'ham Forest,21.0,2002.0,25.2,0.0,14.0,5.0,35.7,0.56,0.2,0.0,0.0,24.7,2.0,0.0,0.0,1.2,1.2,0.09,-1.2,-1.2,Matches,November
374,361,Alex Murphy,IRL,"FW,DF",Newcastle Utd,19.0,2004.0,0.0,0.0,0.0,0.0,,0.0,0.0,,,,0.0,0.0,0.0,0.0,0.0,,0.0,0.0,Matches,November
375,362,Jacob Murphy,ENG,FW,Newcastle Utd,29.0,1995.0,8.0,2.0,21.0,6.0,28.6,2.62,0.75,0.1,0.33,18.2,0.0,0.0,0.0,1.3,1.3,0.06,0.7,0.7,Matches,July
376,363,Vitaliy Mykolenko,UKR,DF,Everton,24.0,1999.0,24.9,2.0,24.0,5.0,20.8,0.96,0.2,0.08,0.4,18.4,0.0,0.0,0.0,1.5,1.5,0.06,0.5,0.5,Matches,October
377,364,Marvelous Nakamba,ZIM,MF,Luton Town,30.0,1994.0,12.6,0.0,5.0,0.0,0.0,0.4,0.0,0.0,,23.6,0.0,0.0,0.0,0.2,0.2,0.04,-0.2,-0.2,Matches,June
378,365,Michael Ndiweni,ENG,FW,Newcastle Utd,20.0,2003.0,0.0,0.0,0.0,0.0,,0.0,0.0,,,,0.0,0.0,0.0,0.0,0.0,,0.0,0.0,Matches,April
379,366,Reiss Nelson,ENG,FW,Arsenal,24.0,1999.0,3.0,0.0,4.0,1.0,25.0,1.34,0.34,0.0,0.0,19.7,0.0,0.0,0.0,0.2,0.2,0.05,-0.2,-0.2,Matches,May
380,367,Zack Nelson,ENG,MF,Luton Town,19.0,2004.0,0.0,0.0,0.0,0.0,,0.0,0.0,,,,0.0,0.0,0.0,0.0,0.0,,0.0,0.0,Matches,February
381,368,Neto,BRA,GK,Bournemouth,34.0,1989.0,29.0,0.0,0.0,0.0,,0.0,0.0,,,,0.0,0.0,0.0,0.0,0.0,,0.0,0.0,Matches,December
382,369,Pedro Neto,POR,"FW,MF",Wolves,24.0,2000.0,16.7,2.0,35.0,11.0,31.4,2.1,0.66,0.06,0.18,16.5,2.0,0.0,0.0,3.4,3.4,0.1,-1.4,-1.4,Matches,August
383,370,Moussa Niakhate,SEN,DF,Nott'ham Forest,28.0,1996.0,12.9,1.0,5.0,1.0,20.0,0.39,0.08,0.2,1.0,9.0,0.0,0.0,0.0,1.1,1.1,0.22,-0.1,-0.1,Matches,August
384,371,Eddie Nketiah,ENG,FW,Arsenal,24.0,1999.0,12.0,5.0,38.0,12.0,31.6,3.17,1.0,0.13,0.42,12.7,0.0,0.0,0.0,4.5,4.5,0.12,0.5,0.5,Matches,October
385,372,Christopher Nkunku,FRA,"FW,MF",Chelsea,26.0,1997.0,3.5,2.0,11.0,5.0,45.5,3.1,1.41,0.18,0.4,9.7,0.0,0.0,0.0,1.7,1.7,0.16,0.3,0.3,Matches,April
386,373,Rhys Norrington-Davies,WAL,DF,Sheffield Utd,24.0,1999.0,1.2,0.0,0.0,0.0,,0.0,0.0,,,,0.0,0.0,0.0,0.0,0.0,,0.0,0.0,Matches,September
387,374,Oliver Norwood,NIR,MF,Sheffield Utd,32.0,1991.0,15.7,1.0,14.0,5.0,35.7,0.89,0.32,0.0,0.0,32.9,0.0,1.0,1.0,1.1,0.3,0.02,-0.1,-0.3,Matches,September
388,375,Matheus Nunes,POR,MF,Wolves,25.0,1998.0,2.0,0.0,1.0,0.0,0.0,0.5,0.0,0.0,,15.4,0.0,0.0,0.0,0.1,0.1,0.08,-0.1,-0.1,Matches,January
389,Rk,Player,N,Pos,Squad,,,,,,,,,,,,,,,,,,,,,Matches,
390,376,Matheus Nunes,POR,"MF,FW",Manchester City,25.0,1998.0,6.0,0.0,5.0,2.0,40.0,0.84,0.33,0.0,0.0,19.1,0.0,0.0,0.0,0.5,0.5,0.09,-0.5,-0.5,Matches,January
391,377,Darwin Núñez,URU,FW,Liverpool,24.0,1999.0,20.1,11.0,99.0,41.0,41.4,4.92,2.04,0.11,0.27,14.9,0.0,0.0,1.0,14.7,13.9,0.14,-3.7,-2.9,Matches,November
392,378,Ethan Nwaneri,ENG,FW,Arsenal,17.0,2007.0,0.2,0.0,0.0,0.0,,0.0,0.0,,,,0.0,0.0,0.0,0.0,0.0,,0.0,0.0,Matches,August
393,379,Christian Nørgaard,DEN,MF,Brentford,30.0,1994.0,24.2,2.0,33.0,7.0,21.2,1.37,0.29,0.06,0.29,14.5,0.0,0.0,0.0,3.4,3.4,0.1,-1.4,-1.4,Matches,August
394,380,Dara O'Shea,IRL,DF,Burnley,25.0,1999.0,27.1,2.0,15.0,4.0,26.7,0.55,0.15,0.13,0.5,10.2,0.0,0.0,0.0,0.6,0.6,0.04,1.4,1.4,Matches,July
395,381,Michael Obafemi,IRL,"FW,MF",Burnley,23.0,2000.0,0.2,0.0,2.0,0.0,0.0,9.0,0.0,0.0,,19.8,0.0,0.0,0.0,0.1,0.1,0.05,-0.1,-0.1,Matches,November
396,382,Wilson Odobert,FRA,"MF,FW",Burnley,19.0,2004.0,17.4,3.0,37.0,12.0,32.4,2.13,0.69,0.08,0.25,19.1,0.0,0.0,0.0,2.2,2.2,0.06,0.8,0.8,Matches,April
397,383,Chiedozie Ogbene,IRL,"MF,DF",Luton Town,26.0,1997.0,21.1,4.0,32.0,13.0,40.6,1.51,0.62,0.13,0.31,15.3,0.0,0.0,0.0,4.1,4.1,0.13,-0.1,-0.1,Matches,September
398,384,Angelo Ogbonna,ITA,DF,West Ham,35.0,1988.0,3.6,0.0,0.0,0.0,,0.0,0.0,,,,0.0,0.0,0.0,0.0,0.0,,0.0,0.0,Matches,October
399,385,Michael Olakigbe,ENG,"DF,FW",Brentford,19.0,2004.0,0.7,0.0,3.0,0.0,0.0,4.58,0.0,0.0,,20.5,0.0,0.0,0.0,0.1,0.1,0.04,-0.1,-0.1,Matches,September
400,386,Michael Olise,FRA,"FW,MF",Crystal Palace,22.0,2001.0,8.6,6.0,30.0,9.0,30.0,3.5,1.05,0.17,0.56,17.9,2.0,1.0,1.0,3.2,2.4,0.08,2.8,2.6,Matches,May
401,387,Robin Olsen,SWE,GK,Aston Villa,34.0,1990.0,2.0,0.0,0.0,0.0,,0.0,0.0,,,,0.0,0.0,0.0,0.0,0.0,,0.0,0.0,Matches,June
402,388,Andrew Omobamidele,IRL,DF,Nott'ham Forest,21.0,2002.0,7.5,0.0,0.0,0.0,,0.0,0.0,,,,0.0,0.0,0.0,0.0,0.0,,0.0,0.0,Matches,November
403,389,Amadou Onana,BEL,MF,Everton,22.0,2001.0,20.0,2.0,25.0,6.0,24.0,1.25,0.3,0.08,0.33,19.8,0.0,0.0,0.0,1.8,1.8,0.07,0.2,0.2,Matches,January
404,390,André Onana,CMR,GK,Manchester Utd,28.0,1996.0,31.0,0.0,0.0,0.0,,0.0,0.0,,,,0.0,0.0,0.0,0.0,0.0,,0.0,0.0,Matches,August
405,391,Ryan One,SCO,FW,Sheffield Utd,17.0,2006.0,0.1,0.0,0.0,0.0,,0.0,0.0,,,,0.0,0.0,0.0,0.0,0.0,,0.0,0.0,Matches,November
406,392,Tyler Onyango,ENG,MF,Everton,21.0,2003.0,0.0,0.0,0.0,0.0,,0.0,0.0,,,,0.0,0.0,0.0,0.0,0.0,,0.0,0.0,Matches,July
407,393,Fred Onyedinma,ENG,"DF,MF",Luton Town,27.0,1996.0,1.3,0.0,3.0,2.0,66.7,2.25,1.5,0.0,0.0,11.5,0.0,0.0,0.0,0.1,0.1,0.04,-0.1,-0.1,Matches,April
408,394,Frank Onyeka,NGA,MF,Brentford,26.0,1998.0,12.8,0.0,21.0,8.0,38.1,1.64,0.63,0.0,0.0,17.7,0.0,0.0,0.0,1.9,1.9,0.09,-1.9,-1.9,Matches,May
409,395,Divock Origi,BEL,FW,Nott'ham Forest,28.0,1995.0,6.4,0.0,14.0,2.0,14.3,2.19,0.31,0.0,0.0,19.7,0.0,0.0,0.0,1.4,1.4,0.1,-1.4,-1.4,Matches,September
410,396,Stefan Ortega,GER,GK,Manchester City,31.0,1992.0,5.3,0.0,0.0,0.0,,0.0,0.0,,,,0.0,0.0,0.0,0.0,0.0,,0.0,0.0,Matches,April
411,397,Ben Osborn,ENG,"DF,MF",Sheffield Utd,29.0,1994.0,10.1,0.0,3.0,0.0,0.0,0.3,0.0,0.0,,20.6,0.0,0.0,0.0,0.2,0.2,0.07,-0.2,-0.2,Matches,January
412,398,Gabriel Osho,NGA,DF,Luton Town,25.0,1998.0,15.5,2.0,8.0,2.0,25.0,0.52,0.13,0.25,1.0,11.6,0.0,0.0,0.0,1.0,1.0,0.13,1.0,1.0,Matches,January
413,399,William Osula,DEN,FW,Sheffield Utd,20.0,2003.0,8.4,0.0,20.0,7.0,35.0,2.37,0.83,0.0,0.0,14.2,0.0,0.0,0.0,1.6,1.6,0.08,-1.6,-1.6,Matches,December
414,400,Dango Ouattara,BFA,"FW,DF",Bournemouth,22.0,2002.0,8.7,1.0,20.0,3.0,15.0,2.3,0.34,0.05,0.33,14.5,0.0,0.0,0.0,1.9,1.9,0.09,-0.9,-0.9,Matches,July
415,Rk,Player,N,Pos,Squad,,,,,,,,,,,,,,,,,,,,,Matches,
416,401,David Ozoh,ENG,"MF,DF",Crystal Palace,18.0,2005.0,1.7,0.0,0.0,0.0,,0.0,0.0,,,,0.0,0.0,0.0,0.0,0.0,,0.0,0.0,Matches,October
417,402,João Palhinha,POR,MF,Fulham,28.0,1995.0,24.5,4.0,38.0,11.0,28.9,1.55,0.45,0.11,0.36,16.2,0.0,0.0,0.0,2.9,2.9,0.08,1.1,1.1,Matches,December
418,403,Cole Palmer,ENG,MF,Manchester City,21.0,2002.0,0.1,0.0,0.0,0.0,,0.0,0.0,,,,0.0,0.0,0.0,0.0,0.0,,0.0,0.0,Matches,September
419,404,Cole Palmer,ENG,"FW,MF",Chelsea,21.0,2002.0,22.1,16.0,69.0,27.0,39.1,3.12,1.22,0.12,0.3,22.5,5.0,8.0,8.0,12.5,6.1,0.09,3.5,1.9,Matches,September
420,405,Emerson Palmieri,ITA,DF,West Ham,29.0,1994.0,29.2,1.0,15.0,3.0,20.0,0.51,0.1,0.07,0.33,18.6,0.0,0.0,0.0,1.1,1.1,0.07,-0.1,-0.1,Matches,January
421,406,Lucas Paquetá,BRA,"FW,MF",West Ham,26.0,1997.0,23.4,4.0,35.0,7.0,20.0,1.49,0.3,0.06,0.29,18.1,1.0,2.0,2.0,5.1,3.5,0.1,-1.1,-1.5,Matches,January
422,407,Ben Parkinson,ENG,FW,Newcastle Utd,19.0,2005.0,0.3,0.0,0.0,0.0,,0.0,0.0,,,,0.0,0.0,0.0,0.0,0.0,,0.0,0.0,Matches,July
423,408,Thomas Partey,GHA,"DF,MF",Arsenal,30.0,1993.0,4.1,0.0,2.0,1.0,50.0,0.49,0.24,0.0,0.0,17.0,0.0,0.0,0.0,0.1,0.1,0.04,-0.1,-0.1,Matches,November
424,409,Nathan Patterson,SCO,DF,Everton,22.0,2001.0,10.7,0.0,4.0,0.0,0.0,0.37,0.0,0.0,,20.9,0.0,0.0,0.0,0.3,0.3,0.08,-0.3,-0.3,Matches,March
425,410,Myles Peart-Harris,ENG,"DF,MF",Brentford,21.0,2002.0,0.1,0.0,0.0,0.0,,0.0,0.0,,,,0.0,0.0,0.0,0.0,0.0,,0.0,0.0,Matches,February
426,411,Sydie Peck,ENG,MF,Sheffield Utd,19.0,2004.0,0.1,0.0,0.0,0.0,,0.0,0.0,,,,0.0,0.0,0.0,0.0,0.0,,0.0,0.0,Matches,January
427,412,Facundo Pellistri,URU,"FW,MF",Manchester Utd,22.0,2001.0,1.9,0.0,4.0,2.0,50.0,2.09,1.05,0.0,0.0,11.5,0.0,0.0,0.0,0.7,0.7,0.18,-0.7,-0.7,Matches,May
428,413,Andreas Pereira,BRA,MF,Fulham,28.0,1996.0,24.7,1.0,43.0,13.0,30.2,1.74,0.53,0.02,0.08,22.7,6.0,0.0,0.0,2.7,2.7,0.06,-1.7,-1.7,Matches,May
429,414,Ivan Perišić,CRO,FW,Tottenham,35.0,1989.0,1.1,0.0,2.0,0.0,0.0,1.75,0.0,0.0,,13.0,0.0,0.0,0.0,0.1,0.1,0.06,-0.1,-0.1,Matches,July
430,415,Đorđe Petrović,SRB,GK,Chelsea,24.0,1999.0,14.1,0.0,0.0,0.0,,0.0,0.0,,,,0.0,0.0,0.0,0.0,0.0,,0.0,0.0,Matches,March
431,416,Kalvin Phillips,ENG,MF,West Ham,28.0,1995.0,3.3,0.0,3.0,2.0,66.7,0.92,0.61,0.0,0.0,25.8,0.0,0.0,0.0,0.1,0.1,0.03,-0.1,-0.1,Matches,April
432,417,Kalvin Phillips,ENG,MF,Manchester City,28.0,1995.0,1.0,0.0,2.0,0.0,0.0,1.94,0.0,0.0,,21.7,0.0,0.0,0.0,0.1,0.1,0.04,-0.1,-0.1,Matches,April
433,418,Jaden Philogene Bidace,ENG,FW,Aston Villa,22.0,2002.0,0.0,0.0,0.0,0.0,,0.0,0.0,,,,0.0,0.0,0.0,0.0,0.0,,0.0,0.0,Matches,June
434,419,Jordan Pickford,ENG,GK,Everton,30.0,1994.0,31.0,0.0,0.0,0.0,,0.0,0.0,,,,0.0,0.0,0.0,0.0,0.0,,0.0,0.0,Matches,August
435,420,Ethan Pinnock,JAM,DF,Brentford,30.0,1993.0,23.0,1.0,15.0,3.0,20.0,0.65,0.13,0.07,0.33,9.5,0.0,0.0,0.0,1.7,1.7,0.11,-0.7,-0.7,Matches,October
436,421,Nick Pope,ENG,GK,Newcastle Utd,31.0,1992.0,13.9,0.0,1.0,0.0,0.0,0.07,0.0,0.0,,14.3,0.0,0.0,0.0,0.0,0.0,0.03,0.0,0.0,Matches,September
437,422,Pedro Porro,ESP,DF,Tottenham,24.0,1999.0,28.0,1.0,42.0,8.0,19.0,1.5,0.29,0.02,0.13,20.7,4.0,0.0,0.0,2.5,2.5,0.06,-1.5,-1.5,Matches,February
438,423,Jarell Quansah,ENG,DF,Liverpool,21.0,2003.0,7.9,0.0,3.0,1.0,33.3,0.38,0.13,0.0,0.0,15.8,0.0,0.0,0.0,0.1,0.1,0.04,-0.1,-0.1,Matches,June
439,424,Ionuț Radu,ROU,GK,Bournemouth,26.0,1997.0,2.0,0.0,0.0,0.0,,0.0,0.0,,,,0.0,0.0,0.0,0.0,0.0,,0.0,0.0,Matches,October
440,425,Jesurun Rak Sakyi,ENG,"MF,FW",Crystal Palace,21.0,2002.0,1.5,0.0,5.0,1.0,20.0,3.31,0.66,0.0,0.0,15.5,0.0,0.0,0.0,0.4,0.4,0.08,-0.4,-0.4,Matches,February
441,Rk,Player,N,Pos,Squad,,,,,,,,,,,,,,,,,,,,,Matches,
442,426,Aaron Ramsdale,ENG,GK,Arsenal,25.0,1998.0,6.0,0.0,0.0,0.0,,0.0,0.0,,,,0.0,0.0,0.0,0.0,0.0,,0.0,0.0,Matches,October
443,427,Aaron Ramsey,ENG,"MF,FW",Burnley,21.0,2003.0,5.9,0.0,6.0,2.0,33.3,1.02,0.34,0.0,0.0,16.5,0.0,0.0,0.0,0.3,0.3,0.06,-0.3,-0.3,Matches,June
444,428,Jacob Ramsey,ENG,"FW,MF",Aston Villa,22.0,2001.0,9.5,1.0,19.0,4.0,21.1,2.0,0.42,0.05,0.25,15.9,0.0,0.0,0.0,2.2,2.2,0.11,-1.2,-1.2,Matches,October
445,429,Marcus Rashford,ENG,FW,Manchester Utd,26.0,1997.0,24.0,7.0,58.0,19.0,32.8,2.42,0.79,0.09,0.26,17.1,1.0,2.0,2.0,7.1,5.5,0.1,-0.1,-0.5,Matches,March
446,430,David Raya,ESP,GK,Arsenal,28.0,1995.0,25.0,0.0,0.0,0.0,,0.0,0.0,,,,0.0,0.0,0.0,0.0,0.0,,0.0,0.0,Matches,February
447,431,Tim Ream,USA,DF,Fulham,36.0,1987.0,15.7,1.0,1.0,1.0,100.0,0.06,0.06,1.0,1.0,1.3,0.0,0.0,0.0,1.0,1.0,0.96,0.0,0.0,Matches,March
448,432,Nathan Redmond,ENG,"FW,MF",Burnley,30.0,1994.0,1.6,0.0,0.0,0.0,,0.0,0.0,,,,0.0,0.0,0.0,0.0,0.0,,0.0,0.0,Matches,August
449,433,Harrison Reed,ENG,MF,Fulham,29.0,1995.0,13.0,0.0,7.0,1.0,14.3,0.54,0.08,0.0,0.0,22.2,0.0,0.0,0.0,0.2,0.2,0.03,-0.2,-0.2,Matches,June
450,434,Sergio Reguilón,ESP,DF,Manchester Utd,27.0,1996.0,4.6,0.0,4.0,0.0,0.0,0.87,0.0,0.0,,18.1,0.0,0.0,0.0,0.2,0.2,0.05,-0.2,-0.2,Matches,May
451,435,Sergio Reguilón,ESP,DF,Brentford,27.0,1996.0,6.8,0.0,10.0,1.0,10.0,1.48,0.15,0.0,0.0,17.3,0.0,0.0,0.0,0.6,0.6,0.06,-0.6,-0.6,Matches,May
452,436,Bobby Reid,JAM,FW,Fulham,31.0,1993.0,13.3,6.0,27.0,8.0,29.6,2.03,0.6,0.22,0.75,15.9,0.0,0.0,0.0,4.0,4.0,0.15,2.0,2.0,Matches,July
453,437,Gio Reyna,USA,"MF,FW",Nott'ham Forest,21.0,2002.0,1.1,0.0,2.0,1.0,50.0,1.87,0.94,0.0,0.0,22.9,0.0,0.0,0.0,0.1,0.1,0.07,-0.1,-0.1,Matches,April
454,438,Rodrigo Ribeiro,POR,FW,Nott'ham Forest,18.0,2005.0,0.0,0.0,0.0,0.0,,0.0,0.0,,,,0.0,0.0,0.0,0.0,0.0,,0.0,0.0,Matches,September
455,439,Declan Rice,ENG,MF,Arsenal,25.0,1999.0,28.8,6.0,41.0,14.0,34.1,1.42,0.49,0.15,0.43,21.0,2.0,0.0,0.0,2.3,2.3,0.06,3.7,3.7,Matches,June
456,440,Chris Richards,USA,"DF,MF",Crystal Palace,24.0,2000.0,17.3,1.0,6.0,1.0,16.7,0.35,0.06,0.17,1.0,9.7,0.0,0.0,0.0,0.3,0.3,0.05,0.7,0.7,Matches,August
457,441,Richarlison,BRA,FW,Tottenham,26.0,1997.0,15.2,10.0,58.0,23.0,39.7,3.8,1.51,0.17,0.43,13.3,0.0,0.0,0.0,8.8,8.8,0.15,1.2,1.2,Matches,October
458,442,Jaïro Riedewald,NED,"MF,FW",Crystal Palace,27.0,1996.0,2.0,0.0,0.0,0.0,,0.0,0.0,,,,0.0,0.0,0.0,0.0,0.0,,0.0,0.0,Matches,February
459,443,Matt Ritchie,SCO,FW,Newcastle Utd,34.0,1989.0,1.2,1.0,5.0,3.0,60.0,4.09,2.45,0.2,0.33,11.9,0.0,0.0,0.0,0.8,0.8,0.16,0.2,0.2,Matches,February
460,444,Connor Roberts,WAL,DF,Burnley,28.0,1995.0,9.1,0.0,0.0,0.0,,0.0,0.0,,,,0.0,0.0,0.0,0.0,0.0,,0.0,0.0,Matches,February
461,445,Andrew Robertson,SCO,DF,Liverpool,30.0,1994.0,13.2,1.0,7.0,2.0,28.6,0.53,0.15,0.14,0.5,13.0,0.0,0.0,0.0,0.9,0.9,0.12,0.1,0.1,Matches,August
462,446,Antonee Robinson,USA,DF,Fulham,26.0,1997.0,30.4,0.0,13.0,7.0,53.8,0.43,0.23,0.0,0.0,21.9,0.0,0.0,0.0,0.6,0.6,0.04,-0.6,-0.6,Matches,January
463,447,Jack Robinson,ENG,DF,Sheffield Utd,30.0,1993.0,28.8,1.0,11.0,5.0,45.5,0.38,0.17,0.09,0.2,12.0,0.0,0.0,0.0,1.1,1.1,0.1,-0.1,-0.1,Matches,January
464,448,Rodri,ESP,MF,Manchester City,27.0,1996.0,26.7,7.0,57.0,20.0,35.1,2.13,0.75,0.12,0.35,20.4,0.0,0.0,0.0,3.8,3.8,0.07,3.2,3.2,Matches,November
465,449,Jay Rodriguez,ENG,FW,Burnley,34.0,1989.0,8.6,2.0,20.0,6.0,30.0,2.32,0.69,0.05,0.17,12.5,0.0,1.0,1.0,3.4,2.6,0.13,-1.4,-1.6,Matches,January
466,450,Mads Roerslev,DEN,DF,Brentford,24.0,1999.0,19.3,1.0,6.0,1.0,16.7,0.31,0.05,0.17,1.0,13.7,0.0,0.0,0.0,0.9,0.9,0.15,0.1,0.1,Matches,November
467,Rk,Player,N,Pos,Squad,,,,,,,,,,,,,,,,,,,,,Matches,
468,451,Morgan Rogers,ENG,"MF,FW",Aston Villa,21.0,2002.0,3.8,1.0,7.0,3.0,42.9,1.84,0.79,0.14,0.33,15.0,0.0,0.0,0.0,1.0,1.0,0.14,0.0,0.0,Matches,December
469,452,Cristian Romero,ARG,DF,Tottenham,25.0,1998.0,24.0,4.0,13.0,5.0,38.5,0.54,0.21,0.31,0.8,11.1,0.0,0.0,0.0,1.6,1.6,0.13,2.4,2.4,Matches,September
470,453,Joe Rothwell,ENG,MF,Bournemouth,29.0,1995.0,4.3,0.0,2.0,0.0,0.0,0.47,0.0,0.0,,22.7,0.0,0.0,0.0,0.1,0.1,0.04,-0.1,-0.1,Matches,June
471,454,Pelly Ruddock Mpanzu,COD,MF,Luton Town,30.0,1993.0,11.7,0.0,10.0,1.0,10.0,0.85,0.09,0.0,0.0,21.0,0.0,0.0,0.0,0.6,0.6,0.06,-0.6,-0.6,Matches,December
472,455,José Sá,POR,GK,Wolves,31.0,1993.0,27.7,0.0,0.0,0.0,,0.0,0.0,,,,0.0,0.0,0.0,0.0,0.0,,0.0,0.0,Matches,June
473,456,Bukayo Saka,ENG,FW,Arsenal,22.0,2001.0,26.7,14.0,79.0,24.0,30.4,2.96,0.9,0.11,0.38,16.9,0.0,5.0,5.0,12.5,8.6,0.11,1.5,0.4,Matches,January
474,457,Mohamed Salah,EGY,FW,Liverpool,31.0,1992.0,22.8,17.0,84.0,36.0,42.9,3.68,1.58,0.14,0.33,16.3,1.0,5.0,7.0,17.9,12.2,0.15,-0.9,-0.2,Matches,November
475,458,William Saliba,FRA,DF,Arsenal,23.0,2001.0,31.0,2.0,8.0,2.0,25.0,0.26,0.06,0.25,1.0,11.0,0.0,0.0,0.0,1.5,1.5,0.19,0.5,0.5,Matches,August
476,459,Albert Sambi Lokonga,BEL,MF,Luton Town,24.0,1999.0,9.7,0.0,7.0,1.0,14.3,0.72,0.1,0.0,0.0,22.7,0.0,0.0,0.0,0.4,0.4,0.06,-0.4,-0.4,Matches,March
477,460,Davinson Sánchez,COL,DF,Tottenham,27.0,1996.0,0.9,0.0,1.0,0.0,0.0,1.17,0.0,0.0,,8.6,0.0,0.0,0.0,0.1,0.1,0.12,-0.1,-0.1,Matches,November
478,461,Robert Sánchez,ESP,GK,Chelsea,26.0,1997.0,15.9,0.0,0.0,0.0,,0.0,0.0,,,,0.0,0.0,0.0,0.0,0.0,,0.0,0.0,Matches,April
479,462,Jadon Sancho,ENG,"FW,MF",Manchester Utd,24.0,2000.0,0.9,0.0,0.0,0.0,,0.0,0.0,,,,0.0,0.0,0.0,0.0,0.0,,0.0,0.0,Matches,August
480,463,Ibrahim Sangaré,CIV,MF,Nott'ham Forest,26.0,1997.0,11.1,0.0,8.0,0.0,0.0,0.72,0.0,0.0,,17.0,0.0,0.0,0.0,0.6,0.6,0.08,-0.6,-0.6,Matches,April
481,464,Andrey Santos,BRA,MF,Nott'ham Forest,19.0,2004.0,0.1,0.0,2.0,0.0,0.0,22.5,0.0,0.0,,22.6,0.0,0.0,0.0,0.1,0.1,0.03,-0.1,-0.1,Matches,September
482,465,Pablo Sarabia,ESP,"MF,FW",Wolves,31.0,1992.0,16.9,4.0,41.0,14.0,34.1,2.43,0.83,0.05,0.14,19.3,7.0,2.0,2.0,5.2,3.6,0.09,-1.2,-1.6,Matches,October
483,466,Dane Scarlett,ENG,FW,Tottenham,20.0,2004.0,0.0,0.0,0.0,0.0,,0.0,0.0,,,,0.0,0.0,0.0,0.0,0.0,,0.0,0.0,Matches,August
484,467,Kevin Schade,GER,"FW,MF",Brentford,22.0,2001.0,2.9,1.0,5.0,2.0,40.0,1.75,0.7,0.2,0.5,15.8,0.0,0.0,0.0,0.7,0.7,0.14,0.3,0.3,Matches,April
485,468,Fabian Schär,SUI,DF,Newcastle Utd,32.0,1991.0,30.1,3.0,31.0,8.0,25.8,1.03,0.27,0.1,0.38,19.1,2.0,0.0,0.0,2.4,2.4,0.08,0.6,0.6,Matches,May
486,469,Jeffrey Schlupp,GHA,"FW,MF",Crystal Palace,31.0,1992.0,14.4,1.0,18.0,10.0,55.6,1.25,0.69,0.06,0.1,19.1,0.0,0.0,0.0,1.8,1.8,0.1,-0.8,-0.8,Matches,May
487,470,Alex Scott,ENG,MF,Bournemouth,20.0,2003.0,8.2,1.0,9.0,2.0,22.2,1.09,0.24,0.11,0.5,24.5,2.0,0.0,0.0,0.5,0.5,0.05,0.5,0.5,Matches,January
488,471,Matz Sels,BEL,GK,Nott'ham Forest,32.0,1992.0,10.0,0.0,0.0,0.0,,0.0,0.0,,,,0.0,0.0,0.0,0.0,0.0,,0.0,0.0,Matches,July
489,472,Nélson Semedo,POR,"DF,MF",Wolves,30.0,1993.0,29.0,0.0,14.0,3.0,21.4,0.48,0.1,0.0,0.0,19.9,0.0,0.0,0.0,0.9,0.9,0.07,-0.9,-0.9,Matches,April
490,473,Antoine Semenyo,GHA,FW,Bournemouth,24.0,2000.0,18.1,7.0,57.0,25.0,43.9,3.15,1.38,0.12,0.28,17.6,0.0,0.0,0.0,3.9,3.9,0.07,3.1,3.1,Matches,May
491,474,Marcos Senesi,ARG,DF,Bournemouth,26.0,1997.0,18.5,3.0,7.0,3.0,42.9,0.38,0.16,0.43,1.0,14.0,0.0,0.0,0.0,1.0,1.0,0.14,2.0,2.0,Matches,October
492,475,Luke Shaw,ENG,DF,Manchester Utd,28.0,1995.0,10.7,0.0,2.0,0.0,0.0,0.19,0.0,0.0,,21.2,0.0,0.0,0.0,0.0,0.0,0.02,0.0,0.0,Matches,December
493,Rk,Player,N,Pos,Squad,,,,,,,,,,,,,,,,,,,,,Matches,
494,476,Bernardo Silva,POR,"MF,FW",Manchester City,29.0,1994.0,22.9,6.0,29.0,13.0,44.8,1.27,0.57,0.21,0.46,15.9,0.0,0.0,0.0,3.4,3.4,0.12,2.6,2.6,Matches,January
495,477,Fábio Silva,POR,FW,Wolves,21.0,2002.0,2.9,0.0,7.0,3.0,42.9,2.39,1.02,0.0,0.0,13.8,0.0,0.0,0.0,1.0,1.0,0.15,-1.0,-1.0,Matches,December
496,478,Thiago Silva,BRA,DF,Chelsea,39.0,1984.0,23.0,3.0,10.0,4.0,40.0,0.43,0.17,0.3,0.75,17.9,0.0,0.0,0.0,0.5,0.5,0.05,2.5,2.5,Matches,March
497,479,Luis Sinisterra,COL,"FW,MF",Bournemouth,24.0,1999.0,7.3,2.0,26.0,8.0,30.8,3.54,1.09,0.08,0.25,13.9,0.0,0.0,0.0,2.5,2.5,0.1,-0.5,-0.5,Matches,November
498,480,Oliver Skipp,ENG,"MF,FW",Tottenham,23.0,2000.0,6.5,0.0,3.0,1.0,33.3,0.46,0.15,0.0,0.0,12.6,0.0,0.0,0.0,0.6,0.6,0.2,-0.6,-0.6,Matches,February
499,481,Adam Smith,ENG,DF,Bournemouth,32.0,1991.0,18.8,0.0,1.0,0.0,0.0,0.05,0.0,0.0,,28.8,0.0,0.0,0.0,0.0,0.0,0.02,0.0,0.0,Matches,October
500,482,Emile Smith Rowe,ENG,MF,Arsenal,23.0,2000.0,3.5,0.0,12.0,5.0,41.7,3.39,1.41,0.0,0.0,15.7,0.0,0.0,0.0,1.7,1.7,0.14,-1.7,-1.7,Matches,December
501,483,Cédric Soares,POR,DF,Arsenal,32.0,1991.0,0.7,0.0,0.0,0.0,,0.0,0.0,,,,0.0,0.0,0.0,0.0,0.0,,0.0,0.0,Matches,February
502,484,Dominic Solanke,ENG,FW,Bournemouth,26.0,1997.0,30.6,16.0,88.0,30.0,34.1,2.87,0.98,0.17,0.5,11.8,0.0,1.0,2.0,17.0,15.4,0.17,-1.0,-0.4,Matches,February
503,485,Manor Solomon,ISR,FW,Tottenham,24.0,1999.0,2.2,0.0,7.0,1.0,14.3,3.17,0.45,0.0,0.0,16.8,0.0,0.0,0.0,0.4,0.4,0.06,-0.4,-0.4,Matches,December
504,486,Tomáš Souček,CZE,MF,West Ham,29.0,1995.0,27.3,6.0,38.0,12.0,31.6,1.39,0.44,0.16,0.5,10.1,0.0,0.0,0.0,6.4,6.4,0.17,-0.4,-0.4,Matches,July
505,487,Vinicius Souza,BRA,MF,Sheffield Utd,24.0,1999.0,26.0,1.0,10.0,4.0,40.0,0.38,0.15,0.1,0.25,22.4,0.0,0.0,0.0,0.4,0.4,0.04,0.6,0.6,Matches,November
506,488,Jason Steele,ENG,GK,Brighton,33.0,1990.0,15.0,0.0,0.0,0.0,,0.0,0.0,,,,0.0,0.0,0.0,0.0,0.0,,0.0,0.0,Matches,January
507,489,Raheem Sterling,ENG,"FW,MF",Chelsea,29.0,1994.0,20.6,6.0,46.0,17.0,37.0,2.24,0.83,0.13,0.35,13.9,3.0,0.0,0.0,6.1,6.1,0.13,-0.1,-0.1,Matches,May
508,490,John Stones,ENG,"DF,MF",Manchester City,29.0,1994.0,11.6,1.0,4.0,2.0,50.0,0.35,0.17,0.25,0.5,15.9,0.0,0.0,0.0,1.0,1.0,0.26,0.0,0.0,Matches,October
509,491,Thomas Strakosha,ALB,GK,Brentford,29.0,1995.0,1.5,0.0,0.0,0.0,,0.0,0.0,,,,0.0,0.0,0.0,0.0,0.0,,0.0,0.0,Matches,August
510,492,Dominik Szoboszlai,HUN,MF,Liverpool,23.0,2000.0,21.8,3.0,54.0,13.0,24.1,2.48,0.6,0.06,0.23,24.8,7.0,0.0,0.0,3.3,3.3,0.06,-0.3,-0.3,Matches,March
511,493,Matt Targett,ENG,DF,Newcastle Utd,28.0,1995.0,0.9,0.0,0.0,0.0,,0.0,0.0,,,,0.0,0.0,0.0,0.0,0.0,,0.0,0.0,Matches,February
512,494,James Tarkowski,ENG,DF,Everton,31.0,1992.0,31.0,1.0,22.0,3.0,13.6,0.71,0.1,0.05,0.33,9.6,0.0,0.0,0.0,2.4,2.4,0.11,-1.4,-1.4,Matches,April
513,495,Nuno Tavares,POR,DF,Nott'ham Forest,24.0,2000.0,5.1,0.0,7.0,1.0,14.3,1.38,0.2,0.0,0.0,26.1,0.0,0.0,0.0,0.2,0.2,0.02,-0.2,-0.2,Matches,June
514,496,Marcus Tavernier,ENG,FW,Bournemouth,25.0,1999.0,22.6,3.0,51.0,15.0,29.4,2.25,0.66,0.06,0.2,20.1,4.0,0.0,0.0,3.8,3.8,0.07,-0.8,-0.8,Matches,August
515,497,Charlie Taylor,ENG,DF,Burnley,30.0,1993.0,22.6,1.0,10.0,1.0,10.0,0.44,0.04,0.1,1.0,25.8,0.0,0.0,0.0,0.2,0.2,0.02,0.8,0.8,Matches,February
516,498,Kenny Tete,NED,DF,Fulham,28.0,1995.0,8.6,1.0,4.0,1.0,25.0,0.46,0.12,0.25,1.0,7.9,0.0,0.0,0.0,0.9,0.9,0.21,0.1,0.1,Matches,March
517,499,Luke Thomas,ENG,DF,Sheffield Utd,22.0,2001.0,10.2,0.0,6.0,1.0,16.7,0.59,0.1,0.0,0.0,15.1,0.0,0.0,0.0,0.5,0.5,0.09,-0.5,-0.5,Matches,October
518,500,Youri Tielemans,BEL,"MF,FW",Aston Villa,26.0,1997.0,15.0,1.0,11.0,4.0,36.4,0.73,0.27,0.09,0.25,19.3,0.0,0.0,0.0,1.1,1.1,0.1,-0.1,-0.1,Matches,October
519,Rk,Player,N,Pos,Squad,,,,,,,,,,,,,,,,,,,,,Matches,
520,501,Jurriën Timber,NED,DF,Arsenal,22.0,2001.0,0.5,0.0,0.0,0.0,,0.0,0.0,,,,0.0,0.0,0.0,0.0,0.0,,0.0,0.0,Matches,November
521,502,Harry Toffolo,ENG,DF,Nott'ham Forest,28.0,1995.0,14.9,1.0,8.0,5.0,62.5,0.54,0.34,0.13,0.2,14.4,0.0,0.0,0.0,1.6,1.6,0.21,-0.6,-0.6,Matches,January
522,503,Takehiro Tomiyasu,JPN,DF,Arsenal,25.0,1998.0,7.7,1.0,9.0,2.0,22.2,1.17,0.26,0.11,0.5,18.5,0.0,0.0,0.0,0.6,0.6,0.06,0.4,0.4,Matches,March
523,504,James Tomkins,ENG,DF,Crystal Palace,35.0,1989.0,0.1,0.0,0.0,0.0,,0.0,0.0,,,,0.0,0.0,0.0,0.0,0.0,,0.0,0.0,Matches,September
524,505,Sandro Tonali,ITA,MF,Newcastle Utd,23.0,2000.0,4.9,1.0,3.0,2.0,66.7,0.62,0.41,0.33,0.5,15.8,0.0,0.0,0.0,0.7,0.7,0.22,0.3,0.3,Matches,September
525,506,Ivan Toney,ENG,FW,Brentford,28.0,1996.0,12.1,4.0,39.0,15.0,38.5,3.22,1.24,0.1,0.27,17.5,7.0,0.0,0.0,4.7,4.7,0.12,-0.7,-0.7,Matches,August
526,507,Pau Torres,ESP,DF,Aston Villa,27.0,1997.0,22.4,2.0,11.0,5.0,45.5,0.49,0.22,0.18,0.4,15.6,0.0,0.0,0.0,1.0,1.0,0.09,1.0,1.0,Matches,June
527,508,Andros Townsend,ENG,"MF,FW",Luton Town,32.0,1991.0,12.3,1.0,19.0,7.0,36.8,1.55,0.57,0.05,0.14,23.9,2.0,0.0,0.0,1.2,1.2,0.06,-0.2,-0.2,Matches,December
528,509,James Trafford,ENG,GK,Burnley,21.0,2002.0,28.0,0.0,0.0,0.0,,0.0,0.0,,,,0.0,0.0,0.0,0.0,0.0,,0.0,0.0,Matches,February
529,510,Adama Traoré,ESP,"FW,MF",Fulham,28.0,1996.0,2.4,1.0,7.0,4.0,57.1,2.86,1.64,0.14,0.25,14.6,0.0,0.0,0.0,1.3,1.3,0.19,-0.3,-0.3,Matches,June
530,511,Bertrand Traoré,BFA,"DF,FW",Aston Villa,28.0,1995.0,0.1,0.0,0.0,0.0,,0.0,0.0,,,,0.0,0.0,0.0,0.0,0.0,,0.0,0.0,Matches,February
531,512,Boubacar Traoré,MLI,"MF,FW",Wolves,22.0,2001.0,4.8,0.0,6.0,1.0,16.7,1.24,0.21,0.0,0.0,30.1,0.0,0.0,0.0,0.1,0.1,0.02,-0.1,-0.1,Matches,January
532,513,Mike Trésor,BEL,"FW,MF",Burnley,24.0,1999.0,4.5,0.0,5.0,0.0,0.0,1.11,0.0,0.0,,19.7,1.0,0.0,0.0,0.5,0.5,0.09,-0.5,-0.5,Matches,October
533,514,Kieran Trippier,ENG,DF,Newcastle Utd,33.0,1990.0,24.0,1.0,8.0,2.0,25.0,0.33,0.08,0.13,0.5,23.8,4.0,0.0,0.0,0.7,0.7,0.08,0.3,0.3,Matches,February
534,515,Leandro Trossard,BEL,"FW,MF",Arsenal,29.0,1994.0,12.8,8.0,45.0,17.0,37.8,3.5,1.32,0.18,0.47,16.4,0.0,0.0,0.0,5.7,5.7,0.13,2.3,2.3,Matches,May
535,516,Auston Trusty,USA,DF,Sheffield Utd,25.0,1998.0,21.6,0.0,7.0,1.0,14.3,0.32,0.05,0.0,0.0,13.3,0.0,0.0,0.0,0.3,0.3,0.05,-0.3,-0.3,Matches,January
536,517,Kostas Tsimikas,GRE,DF,Liverpool,27.0,1996.0,7.5,0.0,3.0,0.0,0.0,0.4,0.0,0.0,,23.8,0.0,0.0,0.0,0.1,0.1,0.03,-0.1,-0.1,Matches,October
537,518,Matt Turner,USA,GK,Nott'ham Forest,29.0,1994.0,17.0,0.0,0.0,0.0,,0.0,0.0,,,,0.0,0.0,0.0,0.0,0.0,,0.0,0.0,Matches,November
538,519,Destiny Udogie,ITA,DF,Tottenham,21.0,2002.0,25.6,2.0,9.0,5.0,55.6,0.35,0.2,0.22,0.4,10.1,0.0,0.0,0.0,2.4,2.4,0.27,-0.4,-0.4,Matches,April
539,520,Lesley Ugochukwu,FRA,MF,Chelsea,20.0,2004.0,3.0,0.0,0.0,0.0,,0.0,0.0,,,,0.0,0.0,0.0,0.0,0.0,,0.0,0.0,Matches,August
540,521,Enes Ünal,TUR,"FW,MF",Bournemouth,26.0,1997.0,1.5,1.0,11.0,4.0,36.4,7.56,2.75,0.09,0.25,12.7,0.0,0.0,0.0,1.1,1.1,0.1,-0.1,-0.1,Matches,October
541,522,Virgil van Dijk,NED,DF,Liverpool,32.0,1991.0,28.3,2.0,30.0,11.0,36.7,1.06,0.39,0.07,0.18,12.4,1.0,0.0,0.0,2.1,2.1,0.07,-0.1,-0.1,Matches,December
542,523,Raphaël Varane,FRA,DF,Manchester Utd,30.0,1993.0,15.0,1.0,8.0,2.0,25.0,0.53,0.13,0.13,0.5,9.2,0.0,0.0,0.0,1.3,1.3,0.16,-0.3,-0.3,Matches,September
543,524,Alejo Véliz,ARG,FW,Tottenham,20.0,2003.0,0.6,1.0,2.0,1.0,50.0,3.6,1.8,0.5,1.0,8.9,0.0,0.0,0.0,0.2,0.2,0.12,0.8,0.8,Matches,February
544,525,Joël Veltman,NED,DF,Brighton,32.0,1992.0,14.5,0.0,3.0,2.0,66.7,0.21,0.14,0.0,0.0,18.9,0.0,0.0,0.0,0.2,0.2,0.06,-0.2,-0.2,Matches,June
545,Rk,Player,N,Pos,Squad,,,,,,,,,,,,,,,,,,,,,Matches,
546,526,Micky van de Ven,NED,DF,Tottenham,22.0,2001.0,19.0,2.0,6.0,2.0,33.3,0.32,0.11,0.33,1.0,16.9,0.0,0.0,0.0,0.4,0.4,0.07,1.6,1.6,Matches,September
547,527,Bart Verbruggen,NED,GK,Brighton,21.0,2002.0,16.0,0.0,0.0,0.0,,0.0,0.0,,,,0.0,0.0,0.0,0.0,0.0,,0.0,0.0,Matches,January
548,528,Guglielmo Vicario,ITA,GK,Tottenham,27.0,1996.0,31.0,0.0,0.0,0.0,,0.0,0.0,,,,0.0,0.0,0.0,0.0,0.0,,0.0,0.0,Matches,March
549,529,Fabio Vieira,POR,"MF,FW",Arsenal,23.0,2000.0,3.2,1.0,5.0,1.0,20.0,1.56,0.31,0.0,0.0,18.3,0.0,1.0,1.0,1.2,0.4,0.08,-0.2,-0.4,Matches,October
550,530,Carlos Vinícius,BRA,FW,Fulham,29.0,1995.0,3.5,2.0,9.0,5.0,55.6,2.57,1.43,0.22,0.4,10.9,0.0,0.0,0.0,1.6,1.6,0.18,0.4,0.4,Matches,August
551,531,Vitinho,BRA,"DF,MF",Burnley,24.0,1999.0,21.2,0.0,17.0,2.0,11.8,0.8,0.09,0.0,0.0,18.9,0.0,0.0,0.0,1.2,1.2,0.07,-1.2,-1.2,Matches,December
552,532,Odisseas Vlachodimos,GRE,GK,Nott'ham Forest,29.0,1994.0,5.0,0.0,0.0,0.0,,0.0,0.0,,,,0.0,0.0,0.0,0.0,0.0,,0.0,0.0,Matches,September
553,533,Kyle Walker,ENG,DF,Manchester City,33.0,1990.0,25.1,0.0,16.0,3.0,18.8,0.64,0.12,0.0,0.0,29.4,1.0,0.0,0.0,0.4,0.4,0.02,-0.4,-0.4,Matches,October
554,534,Aaron Wan-Bissaka,ENG,DF,Manchester Utd,26.0,1997.0,12.8,0.0,2.0,1.0,50.0,0.16,0.08,0.0,0.0,24.5,0.0,0.0,0.0,0.1,0.1,0.04,-0.1,-0.1,Matches,April
555,535,Joel Ward,ENG,DF,Crystal Palace,34.0,1989.0,21.8,0.0,10.0,0.0,0.0,0.46,0.0,0.0,,18.0,0.0,0.0,0.0,0.9,0.9,0.09,-0.9,-0.9,Matches,April
556,536,James Ward-Prowse,ENG,MF,West Ham,29.0,1994.0,28.9,6.0,36.0,13.0,36.1,1.25,0.45,0.11,0.31,22.8,13.0,2.0,2.0,5.7,4.1,0.12,0.3,-0.1,Matches,April
557,537,Deivid Washington,BRA,DF,Chelsea,18.0,2005.0,0.1,0.0,1.0,0.0,0.0,9.0,0.0,0.0,,9.0,0.0,0.0,0.0,0.5,0.5,0.47,-0.5,-0.5,Matches,October
558,538,Ollie Watkins,ENG,FW,Aston Villa,28.0,1995.0,30.0,18.0,91.0,42.0,46.2,3.03,1.4,0.2,0.43,12.5,0.0,0.0,0.0,15.0,15.0,0.17,3.0,3.0,Matches,May
559,539,Adam Webster,ENG,DF,Brighton,29.0,1995.0,8.5,0.0,5.0,0.0,0.0,0.59,0.0,0.0,,10.6,0.0,0.0,0.0,0.3,0.3,0.05,-0.3,-0.3,Matches,June
560,540,Danny Welbeck,ENG,"FW,MF",Brighton,33.0,1990.0,13.4,4.0,34.0,13.0,38.2,2.53,0.97,0.12,0.31,15.3,1.0,0.0,0.0,4.0,4.0,0.12,0.0,0.0,Matches,May
561,541,Timo Werner,GER,FW,Tottenham,28.0,1996.0,7.7,2.0,25.0,6.0,24.0,3.27,0.78,0.08,0.33,14.1,0.0,0.0,0.0,3.2,3.2,0.13,-1.2,-1.2,Matches,August
562,542,Adam Wharton,ENG,MF,Crystal Palace,19.0,2004.0,7.9,0.0,3.0,0.0,0.0,0.38,0.0,0.0,,23.4,0.0,0.0,0.0,0.1,0.1,0.05,-0.1,-0.1,Matches,October
563,543,Ben White,ENG,DF,Arsenal,26.0,1997.0,26.7,2.0,8.0,4.0,50.0,0.3,0.15,0.25,0.5,13.7,0.0,0.0,0.0,0.7,0.7,0.09,1.3,1.3,Matches,March
564,544,Joe White,ENG,MF,Newcastle Utd,21.0,2002.0,0.1,0.0,0.0,0.0,,0.0,0.0,,,,0.0,0.0,0.0,0.0,0.0,,0.0,0.0,Matches,February
565,545,Neco Williams,WAL,DF,Nott'ham Forest,22.0,2001.0,15.8,0.0,9.0,1.0,11.1,0.57,0.06,0.0,0.0,21.8,0.0,0.0,0.0,0.4,0.4,0.04,-0.4,-0.4,Matches,September
566,546,Willian,BRA,FW,Fulham,35.0,1988.0,20.4,4.0,41.0,15.0,36.6,2.01,0.74,0.05,0.13,20.6,2.0,2.0,2.0,4.9,3.4,0.08,-0.9,-1.4,Matches,January
567,547,Joe Willock,ENG,MF,Newcastle Utd,24.0,1999.0,4.7,1.0,7.0,3.0,42.9,1.5,0.64,0.14,0.33,10.9,0.0,0.0,0.0,0.8,0.8,0.12,0.2,0.2,Matches,January
568,548,Callum Wilson,ENG,FW,Newcastle Utd,32.0,1992.0,9.6,7.0,29.0,15.0,51.7,3.03,1.57,0.17,0.33,12.2,0.0,2.0,2.0,7.2,5.7,0.2,-0.2,-0.7,Matches,July
569,549,Harry Wilson,WAL,FW,Fulham,27.0,1997.0,16.3,3.0,35.0,11.0,31.4,2.14,0.67,0.09,0.27,19.3,3.0,0.0,0.0,3.1,3.1,0.09,-0.1,-0.1,Matches,August
570,550,Yoane Wissa,COD,FW,Brentford,27.0,1996.0,23.6,8.0,59.0,19.0,32.2,2.5,0.81,0.14,0.42,12.8,0.0,0.0,0.0,9.4,9.4,0.16,-1.4,-1.4,Matches,January
571,Rk,Player,N,Pos,Squad,,,,,,,,,,,,,,,,,,,,,Matches,
572,551,Chris Wood,NZL,FW,Nott'ham Forest,32.0,1991.0,14.3,12.0,31.0,19.0,61.3,2.17,1.33,0.39,0.63,10.6,0.0,0.0,0.0,7.8,7.8,0.25,4.2,4.2,Matches,May
573,552,Cauley Woodrow,ENG,"FW,MF",Luton Town,29.0,1994.0,3.7,1.0,10.0,3.0,30.0,2.73,0.82,0.1,0.33,16.5,0.0,0.0,0.0,1.1,1.1,0.11,-0.1,-0.1,Matches,May
574,553,Joe Worrall,ENG,DF,Nott'ham Forest,27.0,1997.0,4.9,0.0,2.0,0.0,0.0,0.41,0.0,0.0,,10.6,0.0,0.0,0.0,0.1,0.1,0.06,-0.1,-0.1,Matches,June
575,554,Yehor Yarmoliuk,UKR,MF,Brentford,20.0,2004.0,6.8,0.0,9.0,4.0,44.4,1.32,0.59,0.0,0.0,18.1,0.0,0.0,0.0,0.9,0.9,0.1,-0.9,-0.9,Matches,July
576,555,Ryan Yates,ENG,MF,Nott'ham Forest,26.0,1997.0,18.7,0.0,21.0,5.0,23.8,1.12,0.27,0.0,0.0,18.0,0.0,0.0,0.0,2.0,2.0,0.1,-2.0,-2.0,Matches,April
577,556,Ashley Young,ENG,"DF,MF",Everton,38.0,1985.0,19.1,0.0,12.0,2.0,16.7,0.63,0.1,0.0,0.0,22.1,3.0,0.0,0.0,0.6,0.6,0.05,-0.6,-0.6,Matches,December
578,557,Illia Zabarnyi,UKR,DF,Bournemouth,21.0,2002.0,31.0,1.0,8.0,2.0,25.0,0.26,0.06,0.13,0.5,7.5,0.0,0.0,0.0,1.1,1.1,0.14,-0.1,-0.1,Matches,January
579,558,Nicolò Zaniolo,ITA,"MF,FW",Aston Villa,24.0,1999.0,8.3,2.0,25.0,9.0,36.0,3.02,1.09,0.08,0.22,13.9,0.0,0.0,0.0,2.3,2.3,0.09,-0.3,-0.3,Matches,November
580,559,Anass Zaroury,MAR,"FW,MF",Burnley,23.0,2000.0,1.7,0.0,3.0,1.0,33.3,1.78,0.59,0.0,0.0,20.9,0.0,0.0,0.0,0.2,0.2,0.06,-0.2,-0.2,Matches,March
581,560,Oleksandr Zinchenko,UKR,DF,Arsenal,27.0,1996.0,17.6,1.0,16.0,3.0,18.8,0.91,0.17,0.06,0.33,22.5,0.0,0.0,0.0,0.5,0.5,0.03,0.5,0.5,Matches,May
582,561,Kurt Zouma,FRA,DF,West Ham,29.0,1994.0,26.2,3.0,15.0,7.0,46.7,0.57,0.27,0.2,0.43,8.9,0.0,0.0,0.0,1.8,1.8,0.12,1.2,1.2,Matches,March
583,562,Martin Ødegaard,NOR,MF,Arsenal,25.0,1998.0,27.5,7.0,58.0,18.0,31.0,2.11,0.65,0.09,0.28,20.7,2.0,2.0,2.0,5.9,4.3,0.07,1.1,0.7,Matches,May
